ticker,signal_date,entry_date,exit_date,buy_label,entry_price,exit_price,realized_return_net,exit_reason,ma10_ma50_ratio,close_ma10_ratio,dist_ma10_ma50_pct,ma10_slope_3d,ma50_slope_3d,return_3d,return_5d,rsi,macd_hist,volume_ratio_20,volume_change_pct,atr_pct,rolling_std_10,body_ratio,upper_wick_ratio,lower_wick_ratio,close_position
NLG,2023-07-14,2023-07-17,2023-07-18,1,32.72,33.79976,0.02999999999999992,target,1.0029416737109045,1.1121974243139372,0.0029416737109044717,0.012389501348168963,0.0018902951299493154,0.14231301939058172,0.1547077353867694,65.3983353151011,0.19183399306378174,2.1131348839265582,-0.14882240845925243,0.028818256614558543,0.03354154259107415,0.9543147208121828,0.0,0.04568527918781713,1.0
TDM,2023-07-14,2023-07-17,2023-07-21,0,37.16,36.51,-0.020491926803013923,timeout,1.0014239722634968,1.0288042714626948,0.0014239722634968614,0.01709206276617037,0.0017195983469304732,0.007707129094412402,0.04749642346208849,74.84143763213534,0.27061844189598894,1.5604552511557264,0.8105702670036259,0.01900339485698675,0.01333581066044442,0.16363636363636316,0.0,0.8363636363636369,0.8363636363636369
VRE,2023-07-14,2023-07-17,2023-07-21,1,28.05,28.4,0.009477718360071278,timeout,1.0023033050599588,1.0213386832026263,0.0023033050599588797,0.01162361623616226,0.001574572485261383,0.02564102564102555,0.03703703703703698,65.85365853658539,0.1411787161715656,1.9001475328690216,0.4433826762214026,0.01938775510204081,0.012904409720764754,0.42857142857143005,0.0,0.57142857142857,0.57142857142857
EIB,2023-07-18,2023-07-19,2023-07-20,0,16.21,15.8858,-0.023000000000000017,stop,1.000302396492201,1.0183902254692025,0.00030239649220099293,-0.0005035880649625346,0.005078199202178224,0.024714828897338448,0.019546027742749272,49.206349206349216,-0.0014305207092893107,1.0129321321305285,-0.2021055969032417,0.022926053538298418,0.01372714276026492,0.6279069767441855,0.2790697674418547,0.09302325581395983,0.09302325581395983
SJS,2023-07-18,2023-07-19,2023-07-19,1,17.03,17.59199,0.02999999999999992,target,1.0054535958508946,1.0449383909156802,0.005453595850894579,0.01689085437012472,0.004085565149519521,0.04216867469879504,0.027926322043969165,81.68316831683177,0.11954878721229507,3.9382146535796303,1.4734685247090096,0.02316267547481415,0.014076637059061233,0.3734939759036164,0.27710843373493965,0.34939759036144397,0.7228915662650603
HDB,2023-07-19,2023-07-20,2023-07-26,1,10.46,10.62,0.012296367112810572,timeout,1.0029424716762079,1.0378205767887438,0.002942471676207913,0.00926578708832726,0.0029108867163187835,0.02564102564102555,0.04417670682730912,74.33628318584068,0.040895971141811066,1.2797751384594829,-0.01685527108277729,0.014835164835164812,0.010989300839775167,0.2499999999999963,0.0,0.7500000000000037,0.7500000000000037
BWE,2023-07-20,2023-07-21,2023-07-27,1,37.72,38.5,0.01767868504772008,timeout,1.0001020841280672,1.0132158590308369,0.00010208412806717804,0.013889645405523066,-0.0011109441415138033,0.011260053619303045,0.01698571043407915,63.736263736263744,0.18455846832372202,1.2601605379091716,-0.2715296572863338,0.015262838963793357,0.015042667711162664,0.0,1.0,0.0,0.0
VPI,2023-07-21,2023-07-24,2023-07-28,1,44.91,45.91,0.019266755733689526,timeout,1.0018215347899582,1.013106544248686,0.0018215347899582762,0.00947327670621445,0.0006377176041718613,0.011258725512272028,0.014915254237288122,77.85234899328863,0.16112001727018405,0.9558900737556092,0.02739110911540199,0.009240703629481166,0.009001356405626035,0.7575757575757615,0.0,0.24242424242423852,1.0
VJC,2023-07-24,2023-07-25,2023-07-31,1,96.9,100.0977,0.02999999999999992,target,1.0000415041089068,1.0043577505706578,4.1504108906832494e-05,0.010802307288935609,0.00029061319383894,0.0010341261633919352,-0.005138746145940343,63.636363636363626,0.3810322380914559,1.0207738315263521,-0.04114974105261615,0.012913223140495856,0.012860140549469733,0.7500000000000044,0.1874999999999989,0.06249999999999667,0.06249999999999667
KOS,2023-07-25,2023-07-26,2023-08-01,0,38.9,38.95,-0.0017146529562980213,timeout,1.0004701334656672,1.006396031849628,0.0004701334656672156,0.004326166754063943,0.000548790048607195,0.00390625,0.006527415143603221,70.83333333333353,0.06327214643774835,0.9768980620512652,-0.0987016439433146,0.006392440244580328,0.0006170437517973561,0.24999999999998224,0.7500000000000178,0.0,0.24999999999998224
PC1,2023-07-26,2023-07-27,2023-07-27,0,18.87,18.4926,-0.023000000000000128,stop,1.0020234200103322,1.0102040816326532,0.0020234200103322305,0.01626459993450502,0.0,-0.013633980073413876,0.01237890204520986,73.84615384615385,0.13462265990530528,1.0630507268051075,0.08044308626053676,0.024531024531024497,0.017642861776368576,0.0930232558139508,0.837209302325582,0.06976744186046722,0.16279069767441803
KDC,2023-07-28,2023-07-31,2023-08-04,1,60.69,61.17,0.004909045971329798,timeout,1.0007501206141076,1.0036487311991282,0.000750120614107685,0.006965918536991023,-0.0007198615752421755,-0.0031157756641521095,-0.0076722167809336606,70.58823529411768,0.16859480259942192,0.8712311716609794,-0.23334966410308833,0.014006063027283624,0.006349379113139297,0.14925373134328532,0.0,0.8507462686567147,1.0
SAB,2023-07-28,2023-07-31,2023-08-04,1,64.52,66.64916,0.02999999999999992,target,1.0001999056695121,1.0080727011539123,0.00019990566951217693,0.013338607594936436,-0.0002747947626619007,-0.006310604894566696,0.025575853852263686,67.96875000000003,0.39557215773158405,1.969352240686213,1.1409185872552445,0.012579660116834828,0.012892577658227948,0.9389312977099251,0.061068702290074925,0.0,0.0
VIC,2023-08-01,2023-08-02,2023-08-04,1,29.5,30.473499999999998,0.02999999999999992,target,1.009109350480346,1.1170111890764272,0.009109350480345849,0.016383962991519008,0.003186914452465217,0.1526418786692758,0.14368932038834958,82.05128205128204,0.29957805759713513,3.354932111698071,0.16068233348544791,0.021222410865874362,0.031071317260036008,0.11111111111111287,0.0,0.8888888888888872,1.0
EIB,2023-08-03,2023-08-04,2023-08-04,1,17.69,18.27377,0.02999999999999992,target,1.0094271839849365,1.0756580965821931,0.00942718398493636,0.028980931935850496,0.008167853128512537,0.06890243902439042,0.11941251596424007,68.62745098039218,0.20797097166301443,1.6248891405574957,-0.2727868583664026,0.028033575095754205,0.024501855193757582,0.6363636363636358,0.3636363636363642,0.0,0.0
GEE,2023-08-03,2023-08-04,2023-08-10,0,19.02,18.94,-0.007206098843322681,timeout,1.0007183452705415,0.9922938878919033,0.0007183452705415202,0.008034051609470572,0.0016718869042580131,-0.015191199580932402,-0.011566771819137678,69.1891891891892,0.04623210550965486,1.2541726275631855,1.7206896551724138,0.018427051671732527,0.008959484602481268,0.38888888888889106,0.6111111111111089,0.0,0.0
GEG,2023-08-04,2023-08-07,2023-08-10,1,14.76,15.247079999999999,0.02999999999999992,target,1.000448906301012,0.9939492827520565,0.000448906301012,0.003958774145109478,0.00016326530612253976,-0.022073578595317778,-0.006118286879673751,51.67785234899325,0.027265084674767327,1.3677952724506468,0.25682537002860983,0.020666406097322645,0.010088264499590618,0.0,0.32142857142857595,0.678571428571424,0.678571428571424
BHN,2023-08-08,2023-08-09,2023-08-15,0,39.85,39.053,-0.023000000000000128,stop,1.0004746665850035,1.0164779104173043,0.00047466658500358,0.007426442245920484,0.0002961162818007068,0.011421319796954377,0.02310654685494229,72.27722772277205,0.14149564714071755,0.8707023469299385,-0.3567498400511836,0.01222441297723609,0.003714512937918241,0.6210526315789491,0.3789473684210509,0.0,0.6210526315789491
POW,2023-08-08,2023-08-09,2023-08-09,0,11.74,11.5052,-0.023000000000000017,stop,1.005360972122945,1.0353714895129755,0.005360972122945005,0.011870503597122273,0.0008047929893588712,0.0439068100358424,0.04766187050359716,66.83673469387752,0.05368385455838985,2.3906097601301357,1.4172277302143184,0.022194972409564688,0.017437166496163472,0.8787878787878814,0.1212121212121186,0.0,0.8787878787878814
STB,2023-08-08,2023-08-09,2023-08-09,1,29.85,30.83505,0.02999999999999992,target,1.0006568485099911,1.0295387804456728,0.0006568485099910774,0.009944173063503037,0.004305256579404171,0.04195804195804187,0.029360967184801412,65.04854368932041,0.12348273142560925,0.5880733512343254,-0.6866941676346314,0.022171620325982733,0.016214824195704122,0.8461538461538491,0.07692307692307272,0.07692307692307819,0.07692307692307819
PC1,2023-08-10,2023-08-11,2023-08-11,0,18.68,18.3064,-0.023000000000000017,stop,1.0011614906158068,1.012685677111569,0.0011614906158069272,0.001465877626363854,-0.0025984430995094066,0.02356164383561632,0.02356164383561632,42.804428044280435,0.03585461903180617,1.1102783408805046,-0.2786253000745188,0.025275313551544828,0.016804116069435993,0.8214285714285696,0.053571428571430386,0.125,0.125
CTR,2023-08-25,2023-08-28,2023-08-28,1,74.18,76.62794,0.02999999999999992,target,1.004045222003192,1.0836315827916148,0.004045222003191854,0.009511871405397665,0.003795563695683457,0.07898181818181826,0.149186676994578,63.20553780617678,0.4226288649231932,3.4224964095843315,4.571770988197457,0.02914724800677889,0.032534131934080036,0.9238683127572009,0.0,0.07613168724279908,1.0
FRT,2023-08-29,2023-08-30,2023-08-30,1,64.8,66.93839999999999,0.02999999999999992,target,1.0023512437545088,1.0795681727309077,0.0023512437545088745,0.020816326530612272,0.013485336727233177,0.051948051948051965,0.08288770053475925,56.75675675675676,0.4583967278189569,0.9896668942018173,-0.3067757797031382,0.0353615520282187,0.03572406083547247,0.2083333333333287,0.20833333333333612,0.5833333333333351,0.7916666666666639
HCM,2023-08-31,2023-09-05,2023-09-06,1,16.65,17.19945,0.02999999999999992,target,1.0029299968324357,1.0869851296223187,0.0029299968324357096,0.017064846416382284,0.007593388034097037,0.08256880733944949,0.09913506320691945,67.53812636165577,0.14830430393960042,1.1724187208162662,-0.4455193564251836,0.03463334486336907,0.034726160398401346,0.37500000000000666,0.5749999999999942,0.049999999999999115,0.049999999999999115
KDC,2023-08-31,2023-09-05,2023-09-05,0,63.83,62.553399999999996,-0.023000000000000017,stop,1.0047852428006403,1.0456333207168365,0.004785242800640246,0.0102576891105568,0.0014140898990266937,0.03552803129074311,0.05355662410877127,68.74999999999997,0.25134520725104603,1.1881295341044789,0.2516332472870968,0.02904806870812536,0.010961902328582913,0.5991561181434613,0.0,0.40084388185653874,1.0
VHC,2023-08-31,2023-09-05,2023-09-05,0,59.87,58.672599999999996,-0.023000000000000017,stop,1.0012223361316825,1.052575049675098,0.0012223361316826028,0.01113162467419615,0.012150566893423864,0.019771071800208206,0.06753812636165568,59.58840037418147,0.24461288187410246,0.8499792936774289,-0.44804285928150245,0.029069484936831876,0.02075497846472047,1.0,0.0,0.0,0.0
BSI,2023-09-05,2023-09-06,2023-09-06,1,30.08,31.072639999999996,0.02999999999999992,target,1.006067415730337,1.1197974834338469,0.006067415730337176,0.03382981180002331,0.007493943716180951,0.13040210447200296,0.15558970418747586,65.00541711809319,0.3937423805075122,1.3424798864440028,-0.2466225898745662,0.03680661094224922,0.02678648464013531,0.06896551724137805,0.0,0.931034482758622,1.0
GMD,2023-09-05,2023-09-06,2023-09-08,1,49.81,51.45373,0.02999999999999992,target,1.0150219403606546,1.1157192444664834,0.015021940360654627,0.03974689477384574,0.010322956442948783,0.1255115961800819,0.15009293680297398,74.19354838709677,0.6818154003151287,1.998904890633545,-0.5486632720029572,0.028759018759018772,0.023322128222538666,0.3465346534653474,0.3465346534653474,0.3069306930693052,0.6534653465346526
OCB,2023-09-05,2023-09-06,2023-09-06,1,9.78,10.102739999999999,0.02999999999999992,target,1.004134672179563,1.06318082788671,0.004134672179562985,0.009123886995713093,0.0037108603047737443,0.06666666666666665,0.0868596881959911,50.80213903743313,0.04135252373859189,2.162221309933767,0.9670492076934707,0.025029274004683813,0.010244725280840025,0.4411764705882365,0.5588235294117635,0.0,0.4411764705882365
HAH,2023-09-06,2023-09-07,2023-09-08,0,23.7,23.226,-0.023000000000000017,ambiguous_stop,1.0078839335696959,1.0923397361721825,0.007883933569695861,0.033385947290381246,0.01071253441967479,0.10023310023310028,0.12756808408982323,59.938366718027766,0.2503332106178601,1.739204526169551,0.0853038045361707,0.03177966101694916,0.020637217650455734,0.22033898305084582,0.22033898305084582,0.5593220338983084,0.5593220338983084
SAB,2023-09-06,2023-09-07,2023-09-11,1,65.54,67.70282,0.02999999999999992,target,1.0008457543754525,1.0193486022544787,0.0008457543754524392,0.008934891695898894,0.0010934971287890338,-0.0050220666565210514,0.017270888439396392,54.2787286063569,0.18836305997650143,0.8656452232408325,-0.287180036223156,0.019403050299348874,0.012338275841700512,0.4142857142857012,0.5857142857142987,0.0,0.4142857142857012
VGC,2023-09-06,2023-09-07,2023-09-08,1,46.19,47.71426999999999,0.02999999999999992,target,1.0021959370370193,1.091974644181318,0.0021959370370192716,0.03163635466278425,0.006320655032158395,0.09080047789725199,0.10292341145204142,57.831325301204814,0.4376949375026426,1.900483034445803,0.4416776373684397,0.03420434986700048,0.017314350417015578,0.6221374045801499,0.17175572519084048,0.20610687022900967,0.8282442748091595
VJC,2023-09-06,2023-09-07,2023-09-11,0,101.1,99.07799999999999,-0.023000000000000017,stop,1.0034371995007878,1.0368029360791111,0.003437199500787822,0.006464190437102557,0.003387255707012704,0.049535603715170184,0.037755102040816446,49.39024390243902,0.16555751728068485,1.1151306153001035,-0.27819762237198087,0.021983424638291883,0.011234264959758001,0.4782608695652217,0.0434782608695628,0.4782608695652155,0.9565217391304373
MBB,2023-09-07,2023-09-08,2023-09-11,0,12.33,12.0834,-0.023000000000000017,stop,1.0019295543406512,1.0414730973899822,0.0019295543406511342,0.017883243057346787,0.005531349989788215,0.04403048264182896,0.05836909871244633,55.68181818181817,0.05495378773437097,2.1830404130651813,0.6100740466459138,0.0197543737689723,0.012503719861018385,0.1379310344827622,0.6551724137931036,0.20689655172413413,0.34482758620689635
NKG,2023-09-07,2023-09-08,2023-09-08,1,16.28,16.817239999999998,0.02999999999999992,target,1.0081299713218983,1.0922509225092252,0.0081299713218982,0.04165210706548317,0.00796291246250358,0.0831669993346642,0.13607815771109566,54.13005272407733,0.1814330005170315,1.204182943818026,-0.42657042949117163,0.0361969111969112,0.026044842871767154,0.6862745098039152,0.15686274509804235,0.15686274509804235,0.15686274509804235
ACB,2023-09-08,2023-09-11,2023-09-11,0,16.0,15.68,-0.023000000000000017,stop,1.0014871684059334,1.0134534839446632,0.0014871684059333415,0.012204522096608272,0.0016551443158523416,0.0,0.01332487309644681,51.05263157894739,0.04115714783189958,0.6733666222164404,-0.43919177103099816,0.01650415958493603,0.0075764723534181965,0.5555555555555545,0.22222222222221782,0.2222222222222277,0.2222222222222277
HPG,2023-09-08,2023-09-11,2023-09-11,0,21.97,21.5306,-0.022999999999999906,stop,1.0046181583285931,1.04510556621881,0.00461815832859308,0.0314789150663235,0.006472334892386522,0.03418803418803429,0.05676855895196509,54.64895635673625,0.1703213037719457,1.1866908918458483,0.003489437705438858,0.030204643841007444,0.01836385857236146,0.3333333333333375,0.5263157894736823,0.14035087719298026,0.47368421052631776
PVD,2023-09-08,2023-09-11,2023-09-11,0,26.01,25.489800000000002,-0.023000000000000017,stop,1.0044742006606309,1.04,0.004474200660630974,0.027043765483071747,0.004078885483060013,0.02131859455191476,0.05376782077393072,60.264900662251655,0.19936547952718775,0.9834449704622558,-0.5149927941646371,0.027969517919266676,0.008313546502933044,0.11764705882352695,0.2941176470588278,0.5882352941176452,0.5882352941176452
SBT,2023-09-08,2023-09-11,2023-09-11,0,15.23,14.9254,-0.023000000000000017,stop,1.004137818017944,1.0295117639058888,0.004137818017944139,0.03789964005928437,0.0037420840529649446,0.012709030100334529,0.03415300546448097,56.94117647058823,0.12470336556272868,1.6469635459883,0.6380066971843941,0.03368560105680317,0.022062810297617596,0.3783783783783789,0.2432432432432422,0.3783783783783789,0.7567567567567578
GVR,2023-09-11,2023-09-12,2023-09-12,1,21.02,21.713659999999997,0.02999999999999992,target,1.0046301281361043,1.0167592321933159,0.0046301281361042215,0.04288182095315518,0.008430155079316437,-0.0113690194220748,-0.004768717215068996,66.66666666666666,0.22054513223048997,1.4430143296000348,0.2943623518964391,0.03740844684783355,0.02541668784330293,1.0,0.0,0.0,0.0
HDB,2023-09-11,2023-09-12,2023-09-15,1,10.58,10.929139999999999,0.02999999999999992,target,1.0029016345874842,1.0174558780981773,0.0029016345874842207,0.018465769570769064,0.003864377815752551,-0.006591337099811523,0.014423076923076872,70.37037037037038,0.05709687187550361,2.392845611957857,0.42115256054035743,0.018957345971563972,0.012010834751050511,0.8799999999999955,0.12000000000000455,0.0,0.0
PC1,2023-09-11,2023-09-12,2023-09-12,1,19.69,20.33977,0.02999999999999992,target,1.0057931918939538,1.0821654300632042,0.0057931918939536815,0.05289045772814083,0.004776663223025945,0.025520833333333437,0.10680157391793155,75.93984962406017,0.35485001267726357,2.048993669728157,-0.1683094337772807,0.03341072335485744,0.029464021263312296,0.7169811320754707,0.2830188679245293,0.0,0.0
VPB,2023-09-11,2023-09-12,2023-09-15,1,19.3,19.936899999999998,0.02999999999999992,target,1.0010966209024543,1.036352896955378,0.0010966209024544226,0.019823667926181177,0.00495926702249494,0.004685059864653729,0.0455037919826653,70.31802120141344,0.09689176105994364,2.0512147282479036,1.2686054218085268,0.023353071798667635,0.01514129610496035,0.23943661971830818,0.25352112676056393,0.5070422535211279,0.5070422535211279
BID,2023-09-12,2023-09-13,2023-09-18,0,34.16,33.4768,-0.023000000000000017,stop,1.0019048971237237,1.0064359943316015,0.0019048971237236338,0.008215263721871757,0.0031512044010040263,-0.007280139778683803,-0.010449927431059436,64.40677966101694,0.06259192352990858,0.688812706085254,0.02538134507804557,0.01772618698403386,0.00888909147235019,0.4090909090909201,0.0,0.59090909090908,1.0
HVN,2023-09-12,2023-09-13,2023-09-13,0,10.4,10.192,-0.023000000000000017,stop,1.0015867487131855,0.9930448222565686,0.0015867487131855779,0.015399705738107006,-0.004181520377685932,-0.01532567049808431,-0.03383458646616555,59.81735159817349,0.037374110344013306,2.246168225936725,0.1710046037982842,0.03633963312951643,0.018378286626099534,0.3373493975903628,0.09638554216867477,0.5662650602409625,0.5662650602409625
PHR,2023-09-12,2023-09-13,2023-09-14,0,46.14,45.2172,-0.023000000000000017,stop,1.0002168179967788,1.0082063305978899,0.00021681799677867035,0.018955102776775812,0.005163786776969825,-0.006971677559912903,0.0006586169045006418,77.912254160363,0.21789569878381598,0.7826116830617362,-0.37032097269761566,0.02161035541904346,0.012510401307472902,0.2661870503597103,0.36690647482014743,0.3669064748201423,0.6330935251798526
PVT,2023-09-12,2023-09-13,2023-09-13,1,17.51,18.08783,0.02999999999999992,target,1.0091363711555346,1.0957694975096148,0.009136371155534584,0.04321231254932911,0.005205935021744601,0.09583858764186637,0.08692933083176979,86.8347338935574,0.2549433454087914,1.6415626385555062,-0.5943775405947509,0.02560414269275029,0.019274015554081488,0.7058823529411722,0.2941176470588278,0.0,0.7058823529411722
VCB,2023-09-12,2023-09-13,2023-09-14,0,59.77,58.574600000000004,-0.023000000000000017,stop,1.000395486719083,1.0085992802959909,0.00039548671908290034,0.009516824996162798,0.0025518071064267733,0.004374158815612539,-0.002172822998495638,50.434782608695656,0.07623529923894067,0.9994724091048984,-0.04699005982997606,0.016367552045943996,0.009372128466795982,0.8219178082191756,0.09589041095890398,0.08219178082192047,0.9041095890410961
DBC,2023-09-13,2023-09-14,2023-09-14,0,18.63,18.257399999999997,-0.023000000000000128,stop,1.0015033745961681,0.991695943787927,0.001503374596168089,0.02242298900620443,0.009634637328568063,-0.04215938303341904,-0.03869969040247678,60.0,0.08356870025429752,0.933810545700724,0.19828426760635653,0.03565677478720958,0.02871845499691506,0.8589743589743599,0.0,0.14102564102564008,0.14102564102564008
VIB,2023-09-13,2023-09-14,2023-09-14,1,14.5,14.978499999999999,0.02999999999999992,target,1.0009932201925984,1.0281852171412136,0.0009932201925983368,0.012153409504402912,0.0024964645444314204,0.019971469329529423,0.017069701280227667,71.82320441988952,0.05326203652186629,2.439999579873436,1.9638328730770143,0.016933066933066943,0.01319436455262564,0.8292682926829262,0.0,0.1707317073170738,1.0
BHN,2023-09-14,2023-09-15,2023-09-21,0,39.22,38.95,-0.009884242733299239,timeout,1.0016670160923302,1.0033948490185567,0.0016670160923303035,0.0038177718561034357,-2.556707778522682e-05,-0.009074867658179997,-0.0010165184243964287,54.31578947368425,0.06562830421306859,2.0505132049359935,6.95421052631579,0.015881091688774225,0.0106561132767201,0.43382352941176217,0.09558823529411957,0.47058823529411825,0.47058823529411825
GEE,2023-09-15,2023-09-18,2023-09-18,0,18.65,18.276999999999997,-0.023000000000000017,stop,1.0023217743920052,0.9954099060631939,0.002321774392005113,0.0030515552224421594,-0.00014976946200651042,-0.015311510031679076,-0.011658717541070618,44.032921810699555,0.006235945872174211,0.9403944788886971,2.694367176634214,0.027613941018766776,0.012263733252940908,0.6521739130434864,0.3478260869565137,0.0,0.0
HDG,2023-09-15,2023-09-18,2023-09-18,0,25.13,24.627399999999998,-0.023000000000000017,stop,1.001868829054276,1.0043231126411016,0.0018688290542761686,0.022637029759711602,0.0013975566853809962,-0.001591723040190951,-0.009474930911962054,63.272120200333916,0.1890483351866333,1.102944581461064,-0.2794239209903774,0.0297785116437966,0.02257447773941351,0.6000000000000026,0.2999999999999991,0.09999999999999823,0.09999999999999823
VSC,2023-09-15,2023-09-18,2023-09-18,0,15.48,15.1704,-0.023000000000000017,stop,1.0018051705241442,1.0058562327048073,0.0018051705241443007,0.032491694352159595,-0.002045963404277207,-0.012010113780025256,-0.02128991859737006,68.61826697892272,0.1601438491097219,0.5706793490805941,-0.4097716179358539,0.031578466319349234,0.02558139544430179,0.7058823529411756,0.0,0.29411764705882437,0.29411764705882437
CTD,2023-09-22,2023-09-25,2023-09-25,0,47.15,46.207,-0.022999999999999906,stop,1.0036494035360732,1.0021488160444931,0.003649403536073183,0.016075518547852052,-0.005642946947047811,-0.029777687130328356,0.013205537806176837,61.96358907672301,0.489901411058129,2.080591388859439,2.045525847792746,0.03863479383765279,0.02964684664640076,0.2058823529411774,0.12867647058823325,0.6654411764705893,0.6654411764705893
TDM,2023-09-27,2023-09-28,2023-09-29,1,37.16,38.38627999999999,0.02999999999999992,target,1.0001034176822465,1.0112114945031019,0.00010341768224659551,0.006050318942152577,0.0003484756910980824,0.01005708072845879,0.007592190889370798,62.585034013605366,0.03343496473231304,0.038866961528410966,-0.9563781072830353,0.014916192526526217,0.007807396733039874,0.6727272727272715,0.0,0.32727272727272844,1.0
CTR,2023-10-06,2023-10-09,2023-10-10,1,73.43,75.85319,0.02999999999999992,target,1.0006066390803576,1.0210665368838212,0.0006066390803575842,-0.009803516598510087,0.0033700963283540553,0.023414634146341484,0.007684918347742542,50.81033727551469,-0.21163744175994692,0.3577153112791151,0.47176368375325795,0.03804400692593529,0.01570633912791123,0.6093023255813947,0.08837209302325452,0.3023255813953507,0.9116279069767455
DGW,2023-10-09,2023-10-10,2023-10-12,1,43.6,45.038799999999995,0.02999999999999992,target,1.002911236122387,1.0406437860752522,0.0029112361223870846,-0.0021508974021938743,0.0042018833699974945,0.05743489900219023,0.015424164524421746,47.00808625336928,-0.1416448765678545,0.7187552159067181,-0.12145782760663015,0.051537070524412296,0.03594165529889209,0.36974789915966866,0.06722689075630121,0.5630252100840302,0.9327731092436988
GEE,2023-10-09,2023-10-10,2023-10-10,0,19.18,18.7964,-0.023000000000000017,stop,1.0053792074989347,1.0038671399057053,0.005379207498934762,0.01565694608845347,0.0009809357273851127,-0.034148827726809494,-0.02319587628865971,55.39452495974234,0.10765055745896962,0.025545666071310726,-0.12931312479845214,0.061439879381831874,0.03144444278790273,0.7142857142857139,0.0,0.2857142857142862,0.2857142857142862
GEG,2023-10-09,2023-10-10,2023-10-10,1,14.0,14.462,0.02999999999999992,target,1.002581999773011,0.9905193151266449,0.0025819997730109133,0.0031227821149752977,-0.0028152276939180654,-0.00990099009900991,-0.04240766073871405,47.965738758029985,0.004874291892779811,0.6871794826720131,0.3062748013801053,0.044795918367346935,0.033224428360375216,0.23255813953488305,0.4418604651162782,0.32558139534883873,0.32558139534883873
DHG,2023-10-10,2023-10-11,2023-10-11,0,104.59,102.4982,-0.023000000000000017,stop,1.000650224794841,1.030741410488246,0.000650224794840979,0.00967075299452258,5.1702503793382704e-05,0.042822677925210995,0.042822677925210995,60.10719754977026,0.4215127680891371,0.401955697173886,-0.9421624918501693,0.021358340907213086,0.015227202956151792,0.7605633802816939,0.0,0.2394366197183061,0.2394366197183061
PVD,2023-10-10,2023-10-11,2023-10-11,1,25.52,26.362159999999996,0.02999999999999992,target,1.0049326745791665,1.017433779436877,0.004932674579166365,0.01996921581335065,0.0002634646398518292,0.013449367088607556,0.06705539358600587,45.79741379310346,0.051139904293598465,1.2487900465121218,-0.04209621737825464,0.044440727110516304,0.03136954818150859,0.6093750000000003,0.23437499999999759,0.15625000000000208,0.15625000000000208
CTD,2023-10-11,2023-10-12,2023-10-12,0,50.91,49.891799999999996,-0.023000000000000017,stop,1.011297047182562,1.0959709192224811,0.01129704718256201,0.030205857290218185,-0.0014814749687876994,0.0542294807370185,0.14535941765241134,53.67863449087699,0.470057152437272,1.534786211464667,0.17557561454993076,0.044772308128812596,0.03023118707710535,0.9695945945945958,0.0,0.030405405405404148,1.0
VPI,2023-10-11,2023-10-12,2023-10-18,0,44.91,44.011799999999994,-0.023000000000000017,stop,1.0020376718573358,1.021540841161886,0.0020376718573357285,0.003606894190161025,-0.002160632815236263,0.024640657084188833,0.026514285714285712,64.30020283975654,0.11858771899618552,1.0784341337953764,0.06092204371263232,0.015793491745395564,0.011547688742645732,0.8152173913043463,0.09782608695652527,0.08695652173912842,0.9021739130434747
SCS,2023-10-12,2023-10-13,2023-10-18,0,56.44,55.3112,-0.023000000000000017,stop,1.0009609454555883,1.0092778335005017,0.0009609454555883417,0.006362767894158017,-0.0014607948442534324,0.007329281372899565,0.019356005788712105,50.95238095238093,0.04592465230087284,1.4265901411983417,1.9904123711340205,0.011889973380656622,0.005415959250873103,0.5689655172413711,0.29310344827586227,0.13793103448276664,0.7068965517241377
BMP,2023-10-13,2023-10-16,2023-10-16,0,71.08,69.6584,-0.023000000000000017,stop,1.0006195786864929,1.0385984201846015,0.000619578686492975,0.01991973086230292,-0.0029214105909793897,0.021194879089616148,0.03953084274543883,69.03765690376568,0.6285510723343406,1.4139145831640392,-0.24956937645710986,0.02924203530137508,0.02045381357996725,0.2243589743589714,0.0,0.7756410256410285,0.7756410256410285
PDR,2023-10-13,2023-10-16,2023-10-16,0,21.75,21.315,-0.022999999999999906,stop,1.003202464681679,1.1006162238609962,0.003202464681678982,0.011960744224084996,0.008472584189278765,0.12261720762493544,0.12784679089026918,65.14476614699333,0.08320294682229096,1.4625318950463726,0.12062248039758972,0.051563626827509305,0.039917781192622556,0.8928571428571425,0.0,0.10714285714285753,1.0
PHR,2023-10-16,2023-10-17,2023-10-17,0,47.53,46.5794,-0.023000000000000017,stop,1.0011302189522207,1.0479247371333704,0.0011302189522205907,0.017088436599423495,-5.7615685648881865e-05,0.032272132577409574,0.05481283422459904,74.87804878048784,0.2964696492604646,1.4104169596710117,0.26402299492102466,0.026751765344921234,0.016125623399225325,0.2846153846153817,0.5692307692307689,0.14615384615384938,0.14615384615384938
SZC,2023-10-16,2023-10-17,2023-10-17,0,30.95,30.331,-0.023000000000000017,stop,1.000435242181185,1.0472343070229957,0.0004352421811850697,0.030126267117197347,0.0037933425797502807,0.0,0.05129982668977462,70.45215562565718,0.3016575339388905,1.1936945754720991,-0.060994848265196966,0.039352833121379105,0.029094263174859008,0.7768595041322319,0.22314049586776807,0.0,0.0
EVF,2023-10-17,2023-10-18,2023-10-18,0,11.06,10.8388,-0.023000000000000017,stop,1.0014905906465439,1.0251162790697674,0.00149059064654386,-0.0021349670472476934,0.010011667733072382,0.02607076350093096,0.01754385964912286,48.20717131474104,-0.0406734825244363,2.0593031509645705,5.920590404155574,0.031630801140782996,0.01840664537121587,0.6666666666666659,0.3333333333333342,0.0,0.6666666666666659
VPB,2023-10-17,2023-10-18,2023-10-18,0,19.82,19.4236,-0.023000000000000017,stop,1.0061486864169928,1.0482180293501047,0.006148686416992829,0.01236271024566249,0.0011614769763588217,0.03896103896103886,0.05097214923804505,73.00613496932512,0.13761125573624833,1.9386321602560959,-0.0046849976782284974,0.02482142857142861,0.009889556136873054,0.49999999999999595,0.0,0.500000000000004,1.0
VJC,2023-10-18,2023-10-19,2023-10-23,0,104.9,102.802,-0.023000000000000017,stop,1.0036466937986057,1.0528957141423265,0.0036466937986057413,0.017463235294117974,0.001291103490014267,0.010597302504816941,0.07479508196721318,67.7215189873418,0.8016984499501377,1.1442643595147646,0.3777904682244071,0.022266103772300157,0.021619617394915722,0.6785714285714313,0.03571428571428372,0.285714285714285,0.9642857142857163
ACB,2023-10-19,2023-10-20,2023-10-26,0,15.3,14.994,-0.023000000000000017,stop,1.0022690478922074,0.972972972972973,0.0022690478922073975,0.006786606056725875,-0.0046565331032557555,-0.03530895334174011,-0.039548022598870025,49.162011173184375,-0.0010246010086554114,1.1593212073184234,3.300364038194559e-05,0.015546218487394957,0.014131475167773647,0.7199999999999989,0.28000000000000114,0.0,0.0
VSH,2023-10-19,2023-10-20,2023-10-26,0,37.03,36.2894,-0.023000000000000017,stop,1.0000906797245472,0.9885860579230891,9.067972454716912e-05,0.005389173391961766,-0.0012466237274049163,-0.005633047210300446,-0.02008987575997878,56.03448275862073,0.0712982881769384,1.7780075106026543,1.2480314960629921,0.024972060580369188,0.010972548410051693,0.0,0.7777777777777821,0.22222222222221782,0.22222222222221782
HAG,2023-11-02,2023-11-03,2023-11-03,0,8.58,8.4084,-0.023000000000000017,stop,1.0037232024283818,0.9828706438275252,0.0037232024283816697,0.00954084675014899,-0.003591682419659792,-0.0012004801920768582,-0.04257767548906777,50.0,-0.0012238591387836242,0.7756155526750749,0.344155194056311,0.04524381868131868,0.03240257177933258,0.12499999999999722,0.37499999999999906,0.5000000000000037,0.5000000000000037
LPB,2023-11-03,2023-11-06,2023-11-10,0,12.28,12.2,-0.009514657980456028,timeout,1.0034689906083427,1.0252951096121417,0.0034689906083426813,0.021533161068044926,-3.38426654482582e-05,0.041095890410958846,-0.003278688524590123,62.116991643454064,0.0969657300419165,1.0672341498651596,0.6748890347402072,0.034715695488721804,0.03485710995649191,0.7142857142857089,0.14285714285714557,0.14285714285714557,0.14285714285714557
VCB,2023-11-08,2023-11-09,2023-11-10,0,59.44,58.2512,-0.023000000000000017,stop,1.0012506589215393,1.022676439214067,0.0012506589215392637,0.012737188757819151,0.0016288499698040582,0.006775067750677488,0.019379180243525918,72.43243243243239,0.33879283582287384,1.3847694513486184,2.065464911625981,0.021378100365314363,0.010704696267957715,0.8333333333333314,0.10833333333333521,0.05833333333333343,0.8916666666666648
EVF,2023-11-09,2023-11-10,2023-11-10,0,12.04,11.799199999999999,-0.023000000000000017,stop,1.0001274743685467,1.0915877640203933,0.0001274743685466365,0.03437235144552231,0.006783638597070096,0.036300777873811585,0.10202205882352944,75.73770491803276,0.17817208667846596,1.1048475955414947,0.14390759819950594,0.03276539973787678,0.027532452996563102,0.0,0.21739130434782272,0.7826086956521773,0.7826086956521773
GMD,2023-11-09,2023-11-10,2023-11-14,1,55.06,56.876979999999996,0.02999999999999992,target,1.0104970378867641,1.071845113132727,0.01049703788676409,0.033032791823129015,0.0128925461982905,0.040770101925254876,0.08181283107710424,60.52484645449471,0.5257000942283092,1.3252426479433046,0.10895226952639359,0.03704855173843203,0.028553101921005207,0.18604651162790864,0.8139534883720914,0.0,0.0
NAB,2023-11-09,2023-11-10,2023-11-13,0,9.22,9.0356,-0.023000000000000017,stop,1.0020008542973406,1.0410590083015479,0.0020008542973405665,0.025658727419169525,0.0060615656028768505,0.0,0.020902090209020896,70.85427135678395,0.09956778330927142,1.3131856527381647,-0.11293183823391384,0.038793103448275836,0.022444610731620736,0.0,0.6274509803921576,0.3725490196078423,0.3725490196078423
SJS,2023-11-10,2023-11-13,2023-11-15,1,23.09,23.851969999999998,0.02999999999999992,target,1.0040141492257808,1.00038858425802,0.004014149225780761,0.01958971649938368,0.0019110161394000347,-0.03659043659043659,-0.025651808242220353,56.41592920353985,0.16664590651305425,2.0144662012464734,0.6161456382631147,0.050126394968863675,0.025719047023706566,0.8347826086956509,0.16521739130434915,0.0,0.0
BMP,2023-11-13,2023-11-14,2023-11-14,0,75.6,74.088,-0.023000000000000017,stop,1.0115667443016774,1.086534730306558,0.011566744301677341,0.04704076565392068,0.004324895746942614,0.031800191074109474,0.09106653196709469,69.64514749893117,1.2253537704173882,1.5711324810117817,-0.19164264297227507,0.030338246409674984,0.02484411880876055,0.7651515151515123,0.0,0.23484848484848778,1.0
HAG,2023-11-13,2023-11-14,2023-11-14,0,9.01,8.829799999999999,-0.023000000000000128,stop,1.0065493833062438,1.0686297791498456,0.006549383306243662,0.005131877312328559,-0.001860953380732111,0.0428736964078793,0.0843373493975903,55.78512396694212,0.05929063482536909,1.613377276410901,-0.5530780454091135,0.04285714285714282,0.022640338969021182,0.4883720930232581,0.4651162790697661,0.046511627906975786,0.534883720930234
OCB,2023-11-13,2023-11-14,2023-11-14,1,10.21,10.54693,0.02999999999999992,target,1.0022996926959316,1.0213197969543149,0.0022996926959316646,0.029043042206435388,0.004045853000674393,-0.003960396039603853,0.00700700700700696,60.61776061776063,0.0946986257475092,1.541874489374556,-0.10659732704140434,0.032093155353592764,0.024137450661987983,0.46666666666666745,0.26666666666666033,0.2666666666666722,0.7333333333333396
ACB,2023-11-14,2023-11-15,2023-11-20,0,16.14,15.8172,-0.023000000000000017,stop,1.005637528733418,1.0171114800153236,0.005637528733418066,0.015035644847699148,-0.0002310981011438562,0.006317119393556503,0.027079303675048294,59.150326797385645,0.07370878846606163,2.0794516674080814,2.014898731277858,0.019998206438884395,0.01574951461047981,0.5483870967741924,0.45161290322580755,0.0,0.5483870967741924
HPG,2023-11-14,2023-11-15,2023-11-15,0,20.87,20.4526,-0.023000000000000017,stop,1.0007920229077394,1.0374391233766234,0.0007920229077394433,0.04567396955068692,-0.0014600612414576997,0.010874938210578389,0.04657113613101327,68.86632825719121,0.31762008342131237,1.0271739028233904,-0.47135445816414057,0.03506811037373384,0.025041237394242483,0.5166666666666723,0.11666666666666163,0.3666666666666661,0.3666666666666661
HSG,2023-11-14,2023-11-15,2023-11-15,0,21.21,20.785800000000002,-0.022999999999999906,stop,1.0187627478829169,1.0765199161425576,0.018762747882916937,0.06330806954971013,0.004257555283872838,0.043169121381411824,0.09839572192513368,71.68037602820209,0.438581891916697,1.1511596521244452,-0.3341048926595842,0.044686326331895974,0.030664325834526964,0.12500000000000167,0.11249999999999973,0.7624999999999986,0.7624999999999986
KDH,2023-11-14,2023-11-15,2023-11-15,0,26.86,26.322799999999997,-0.023000000000000128,stop,1.004440440695802,1.0480574625977221,0.004440440695802041,0.027985150736344222,-0.002711104397395414,0.0018968133535659515,0.09042113955408748,59.943582510578274,0.2682982026395326,1.1026965832197588,-0.12248506808841131,0.038188997674041214,0.028172344309523402,0.09259259259259406,0.37037037037036963,0.5370370370370363,0.6296296296296303
NKG,2023-11-14,2023-11-15,2023-11-15,0,17.57,17.2186,-0.023000000000000128,stop,1.0047322476242053,1.079953798767967,0.004732247624205347,0.05325763719924326,0.005771126212584798,0.04146039603960383,0.119760479041916,70.03424657534246,0.3128749597693812,1.4492071705035259,-0.30787615539995894,0.041974365503777276,0.030233218774416558,0.3709677419354861,0.0,0.6290322580645139,0.6290322580645139
PVD,2023-11-14,2023-11-15,2023-11-15,0,27.09,26.548199999999998,-0.023000000000000128,stop,1.0016354180392035,1.0365240269287315,0.0016354180392035716,0.030008368867811885,0.0038357997603597482,0.009039548022598876,0.04160186625194395,52.05479452054795,0.16619807377403018,0.5819063191922775,-0.22648402165721082,0.0441795979309977,0.02121340993418944,0.5797101449275383,0.0,0.42028985507246175,0.42028985507246175
BSI,2023-11-15,2023-11-16,2023-11-17,0,35.91,35.19179999999999,-0.023000000000000128,stop,1.015772812716218,1.0910515687633744,0.015772812716217957,0.06856682769726241,0.009718881957625047,0.04654524429025719,0.1006384919428398,68.73661670235546,0.6686339686238991,0.9840895137121911,0.4946598433757825,0.04925019731649565,0.028413843890444875,0.4833333333333308,0.0,0.5166666666666693,0.5166666666666693
CTR,2023-11-15,2023-11-16,2023-11-16,1,74.27,76.72090999999999,0.02999999999999992,target,1.0063487109570703,1.017981990804973,0.006348710957070316,0.02760577554757293,-0.0026294664067237905,0.010122823592927599,0.0013379716350014892,67.03233256351041,0.5325060528789366,0.9120478021717863,0.3463653863782199,0.024805298923417544,0.01621847065339238,0.35114503816793735,0.14503816793893087,0.5038167938931317,0.5038167938931317
DXG,2023-11-15,2023-11-16,2023-11-16,1,15.41,15.918529999999999,0.02999999999999992,target,1.010310686241038,1.055014868883482,0.010310686241038005,0.055726007848733605,-0.006741542551748414,0.015614834092387841,0.05830508474576268,78.75243664717348,0.30888654552379347,1.2197426129509708,0.08940633768850437,0.049418870687288355,0.029909290550956247,0.5932203389830534,0.0677966101694901,0.3389830508474565,0.3389830508474565
NLG,2023-11-15,2023-11-16,2023-11-17,0,32.77,32.1146,-0.023000000000000017,ambiguous_stop,1.0065994890718137,1.0513666805524402,0.006599489071813769,0.05308092056421665,-0.003708488389282061,0.0055163959546429275,0.0577047066408769,63.70078740157483,0.5407337084020596,1.3302535955086994,0.1090120936199761,0.04739408716854617,0.03418880750942535,0.7999999999999979,0.0,0.2000000000000021,0.2000000000000021
PDR,2023-11-15,2023-11-16,2023-11-16,1,22.0,22.726,0.02999999999999992,target,1.0125910870966144,1.0833700494443628,0.012591087096614354,0.06446065659197497,0.0033223582775463445,0.031220876048462243,0.11150175791059769,69.35096153846153,0.4104652268943818,1.3215653997578118,0.08157741629066728,0.04938351300755279,0.03394178400559762,0.5434782608695663,0.22826086956521877,0.2282608695652149,0.2282608695652149
SHB,2023-11-15,2023-11-16,2023-11-17,0,8.46,8.2908,-0.023000000000000017,stop,1.0004400762798884,1.0386119257087,0.0004400762798883569,0.03190013869625519,-0.006630236794171074,0.03658536585365857,0.017964071856287456,73.41772151898738,0.1036032959024179,1.9280050201460357,-0.015834251258693977,0.030084033613445398,0.026959653200633704,0.23333333333333373,0.5,0.2666666666666663,0.2666666666666663
BHN,2023-11-16,2023-11-17,2023-11-22,0,38.69,37.916199999999996,-0.023000000000000017,stop,1.0019901242757712,1.0179129181238156,0.0019901242757712303,0.030508940852819633,-0.0007270433392673192,0.021704180064308742,-0.004698512137823019,63.83981154299177,0.3609838460058584,0.23755790473928018,-0.607843137254902,0.021673972500093664,0.02064414441572649,0.7142857142857126,0.2857142857142873,0.0,0.0
DGC,2023-11-16,2023-11-17,2023-11-17,0,86.67,84.9366,-0.023000000000000017,stop,1.0035102509502387,1.043960023174971,0.003510250950238736,0.043425692695214124,0.0027425412109935987,0.026709401709401615,0.03222341568206222,72.5173210161663,0.9713390262233581,0.9841506427910299,0.44113978550739774,0.03459524635383115,0.01921714005352545,0.6428571428571425,0.1321428571428589,0.22499999999999862,0.8678571428571411
DIG,2023-11-16,2023-11-17,2023-11-17,0,22.74,22.2852,-0.022999999999999906,stop,1.0094877212024886,1.0833773340373445,0.009487721202488631,0.05660090277425578,-0.009987815057518445,0.0439407955596669,0.06562795089707274,79.31506849315068,0.502364991759068,1.2262074096027156,0.11366861995751054,0.04544591429837331,0.02727528129148379,1.0,0.0,0.0,1.0
NVL,2023-11-16,2023-11-17,2023-11-17,0,16.75,16.415,-0.023000000000000017,stop,1.0048154093097914,1.0702875399361023,0.0048154093097914005,0.06173677069199468,-0.01976209956573738,0.06349206349206349,0.027607361963190247,78.99159663865544,0.39096517673842834,1.1384241961901833,-0.00541302490797102,0.046695095948827293,0.03046921502825672,0.7857142857142875,0.07142857142857252,0.14285714285713996,0.9285714285714275
