time,open,high,low,close,volume
2018-06-01,14.0,14.21,13.91,14.14,1291490
2018-06-04,14.15,14.44,14.11,14.38,1150670
2018-06-05,14.46,14.64,14.37,14.55,1347750
2018-06-06,14.61,14.76,14.4,14.76,1017540
2018-06-07,14.88,14.88,14.52,14.55,1138280
2018-06-08,14.58,14.67,14.46,14.6,1050890
2018-06-11,14.53,14.6,14.46,14.46,721890
2018-06-12,14.46,14.46,13.91,14.09,1257200
2018-06-13,14.0,14.28,14.0,14.25,452120
2018-06-14,14.31,14.38,14.18,14.18,460360
2018-06-15,14.09,14.21,14.08,14.15,442100
2018-06-18,14.28,14.28,13.82,13.82,693660
2018-06-19,13.73,13.73,13.0,13.55,2015520
2018-06-20,13.67,13.82,13.39,13.82,650560
2018-06-21,13.82,13.82,13.42,13.51,349770
2018-06-22,13.48,13.7,13.36,13.7,375270
2018-06-25,13.82,13.82,13.67,13.73,511540
2018-06-26,13.55,13.64,13.48,13.55,240850
2018-06-27,13.67,13.67,13.47,13.48,256990
2018-06-28,13.48,13.48,12.94,12.94,1175250
2018-06-29,12.94,13.09,12.63,12.63,759780
2018-07-02,12.63,12.75,12.18,12.24,979030
2018-07-03,12.24,12.37,11.87,11.87,1351030
2018-07-04,11.89,12.18,11.72,12.18,980200
2018-07-05,12.18,12.21,11.72,12.02,711240
2018-07-06,11.87,12.69,11.84,12.42,913260
2018-07-09,12.48,12.59,12.11,12.22,583920
2018-07-10,12.27,12.39,12.18,12.3,249100
2018-07-11,12.02,12.18,11.75,11.93,801770
2018-07-12,11.75,12.07,11.72,11.81,684480
2018-07-13,12.02,12.42,11.96,12.36,1060620
2018-07-16,12.51,12.63,12.37,12.45,645230
2018-07-17,12.39,12.75,12.34,12.75,1297460
2018-07-18,12.78,13.06,12.75,13.06,1096080
2018-07-19,12.85,13.06,12.85,12.94,753150
2018-07-20,12.88,12.88,12.56,12.66,851350
2018-07-23,12.85,13.0,12.74,12.78,1111700
2018-07-24,12.78,12.92,12.6,12.85,1167460
2018-07-25,12.88,13.33,12.85,12.91,1326030
2018-07-26,13.0,13.09,12.81,12.95,717640
2018-07-27,13.06,13.36,12.95,13.18,1291840
2018-07-30,13.21,13.24,13.15,13.18,1197220
2018-07-31,13.18,13.24,13.03,13.03,1591210
2018-08-01,13.0,13.1,12.75,12.78,2431450
2018-08-02,12.78,13.0,12.66,13.0,726710
2018-08-03,13.09,13.12,12.91,12.97,719840
2018-08-06,12.91,13.0,12.86,12.86,350030
2018-08-07,12.88,12.88,12.71,12.77,645810
2018-08-08,12.77,12.97,12.75,12.94,764020
2018-08-09,13.09,13.15,12.95,13.03,1232720
2018-08-10,13.03,13.23,13.0,13.12,797270
2018-08-13,13.12,13.3,13.12,13.23,1038760
2018-08-14,13.32,13.5,13.27,13.48,1601310
2018-08-15,13.48,13.61,13.3,13.33,1658080
2018-08-16,13.36,13.39,13.22,13.39,1378580
2018-08-17,13.46,13.55,13.39,13.55,928050
2018-08-20,13.55,13.8,13.44,13.61,955270
2018-08-21,13.58,13.64,13.52,13.61,720470
2018-08-22,13.63,13.8,13.61,13.72,1152700
2018-08-23,13.74,13.86,13.74,13.83,1004880
2018-08-24,13.83,13.86,13.67,13.85,629740
2018-08-27,13.8,13.86,13.77,13.83,808140
2018-08-28,13.8,13.85,13.72,13.77,909720
2018-08-29,13.75,13.83,13.69,13.77,775370
2018-08-30,13.77,13.77,13.69,13.75,632170
2018-08-31,13.75,13.99,13.74,13.77,1027280
2018-09-04,13.74,13.92,13.71,13.74,634400
2018-09-05,13.72,13.77,13.39,13.49,843460
2018-09-06,13.43,13.49,13.19,13.19,1206190
2018-09-07,13.24,13.39,13.19,13.39,508770
2018-09-10,13.46,13.46,13.25,13.25,367280
2018-09-11,13.25,13.46,13.25,13.44,562280
2018-09-12,13.55,13.61,13.41,13.41,477500
2018-09-13,13.61,13.67,13.46,13.52,646170
2018-09-14,13.58,13.92,13.58,13.88,2772660
2018-09-17,13.86,13.86,13.74,13.74,564810
2018-09-18,13.61,13.95,13.61,13.95,799660
2018-09-19,14.02,14.22,13.95,14.16,1352060
2018-09-20,14.03,14.39,14.03,14.3,1126260
2018-09-21,14.34,14.34,14.08,14.3,1327270
2018-09-24,14.3,14.48,14.27,14.36,991190
2018-09-25,14.33,14.36,14.27,14.3,746530
2018-09-26,14.33,14.58,14.28,14.34,1028940
2018-09-27,14.34,14.48,14.34,14.39,750790
2018-09-28,14.48,14.48,14.41,14.42,559790
2018-10-01,14.42,14.47,14.31,14.33,519760
2018-10-02,14.28,14.33,14.09,14.11,854660
2018-10-03,14.11,14.24,14.09,14.17,373060
2018-10-04,14.17,14.33,14.14,14.28,471280
2018-10-05,14.31,14.33,14.19,14.2,508450
2018-10-08,14.17,14.17,14.02,14.02,511810
2018-10-09,14.02,14.06,13.92,13.92,399440
2018-10-10,13.92,14.14,13.92,14.11,695690
2018-10-11,13.71,13.83,13.18,13.3,2177930
2018-10-12,13.24,13.71,12.99,13.64,1377940
2018-10-15,13.64,13.71,13.39,13.39,495650
2018-10-16,13.55,13.55,13.3,13.47,603710
2018-10-17,13.64,13.71,13.55,13.58,474320
2018-10-18,13.61,13.71,13.52,13.58,710630
2018-10-19,13.39,13.55,13.36,13.39,925420
2018-10-22,13.52,13.61,13.43,13.44,429360
2018-10-23,13.44,13.44,12.96,13.14,1150850
2018-10-24,13.1,13.25,13.02,13.02,562380
2018-10-25,12.46,12.86,12.46,12.79,757730
2018-10-26,12.93,13.0,12.71,12.71,919770
2018-10-29,12.62,12.91,12.62,12.77,462380
2018-10-30,12.8,13.02,12.72,12.77,452630
2018-10-31,13.0,13.08,12.86,13.07,325140
2018-11-01,13.1,13.21,13.05,13.05,469760
2018-11-02,13.19,13.39,13.1,13.36,593810
2018-11-05,13.27,13.39,13.14,13.25,265620
2018-11-06,13.3,13.32,13.11,13.13,470930
2018-11-07,13.13,13.24,12.97,13.04,495560
2018-11-08,13.16,13.21,13.07,13.13,352130
2018-11-09,13.02,13.11,12.83,12.85,635120
2018-11-12,12.83,13.07,12.82,13.07,273110
2018-11-13,12.83,13.0,12.83,12.97,438030
2018-11-14,13.05,13.16,12.96,13.16,752440
2018-11-15,13.08,13.21,12.99,13.14,498790
2018-11-16,13.24,13.36,13.16,13.32,639910
2018-11-19,13.39,13.46,13.33,13.44,396020
2018-11-20,13.46,13.52,13.35,13.52,550140
2018-11-21,13.33,13.52,13.3,13.52,513360
2018-11-22,13.52,13.58,13.47,13.52,323300
2018-11-23,13.43,13.53,13.39,13.41,346060
2018-11-26,13.41,13.41,13.22,13.22,483470
2018-11-27,13.36,13.36,13.24,13.32,341670
2018-11-28,13.32,13.35,13.25,13.33,256240
2018-11-29,13.49,13.55,13.36,13.36,523610
2018-11-30,13.36,13.38,13.28,13.36,323780
2018-12-03,13.46,13.99,13.46,13.99,1136360
2018-12-04,13.99,14.17,13.94,14.0,1011170
2018-12-05,13.85,14.0,13.83,13.89,605880
2018-12-06,13.86,13.95,13.72,13.83,484120
2018-12-07,13.89,14.13,13.89,14.05,763170
2018-12-10,13.95,14.02,13.77,13.77,694990
2018-12-11,13.8,13.86,13.67,13.72,382700
2018-12-12,13.72,13.88,13.72,13.85,664120
2018-12-13,14.0,14.09,13.86,13.89,780570
2018-12-14,13.89,13.95,13.74,13.75,787920
2018-12-17,13.74,13.74,13.39,13.39,777640
2018-12-18,13.19,13.33,13.04,13.08,1125660
2018-12-19,13.08,13.27,13.04,13.11,471580
2018-12-20,13.18,13.21,13.1,13.1,461210
2018-12-21,13.05,13.24,13.05,13.24,453810
2018-12-24,13.27,13.33,13.08,13.08,212530
2018-12-25,12.9,12.93,12.77,12.93,732310
2018-12-26,12.93,13.04,12.9,12.9,333590
2018-12-27,13.11,13.16,13.02,13.02,454860
2018-12-28,13.1,13.14,13.02,13.14,387170
2019-01-02,13.02,13.13,12.82,12.83,459120
2019-01-03,12.91,12.91,12.68,12.71,716600
2019-01-04,12.65,12.91,12.62,12.8,318570
2019-01-07,13.02,13.11,12.96,13.02,408470
2019-01-08,13.02,13.08,12.99,13.08,295660
2019-01-09,13.11,13.27,13.05,13.21,309040
2019-01-10,13.21,13.25,13.13,13.13,207330
2019-01-11,13.21,13.25,13.1,13.14,596090
2019-01-14,13.18,13.27,13.08,13.24,398400
2019-01-15,13.18,13.33,13.18,13.33,339480
2019-01-16,13.39,13.39,13.25,13.25,186590
2019-01-17,13.24,13.32,13.08,13.08,379770
2019-01-18,13.11,13.24,13.08,13.08,227150
2019-01-21,13.14,13.33,13.14,13.24,247800
2019-01-22,13.24,13.32,13.19,13.19,141480
2019-01-23,13.18,13.21,13.13,13.19,193460
2019-01-24,13.21,13.27,13.19,13.22,234470
2019-01-25,13.21,13.27,13.18,13.21,213470
2019-01-28,13.24,13.24,13.11,13.11,216330
2019-01-29,13.21,13.24,13.08,13.24,430580
2019-01-30,13.24,13.52,13.21,13.46,689260
2019-01-31,13.49,13.52,13.36,13.46,517260
2019-02-01,13.46,13.46,12.93,13.27,599890
2019-02-11,13.39,13.8,13.3,13.75,1000430
2019-02-12,13.71,13.89,13.67,13.67,701570
2019-02-13,13.71,14.02,13.71,13.88,1125370
2019-02-14,13.91,13.99,13.78,13.78,616980
2019-02-15,13.78,13.85,13.71,13.77,647230
2019-02-18,13.86,13.89,13.74,13.83,306310
2019-02-19,13.92,14.06,13.8,13.83,1470880
2019-02-20,13.8,14.03,13.8,13.97,499430
2019-02-21,13.92,13.99,13.8,13.95,749950
2019-02-22,13.95,14.14,13.83,14.08,1243720
2019-02-25,14.19,14.39,14.16,14.17,1023660
2019-02-26,14.2,14.2,14.02,14.08,663220
2019-02-27,14.08,14.16,13.99,14.05,485650
2019-02-28,14.05,14.05,13.77,13.77,1372190
2019-03-01,13.88,13.89,13.75,13.89,590780
2019-03-04,13.89,14.08,13.89,14.02,806770
2019-03-05,14.02,14.08,13.95,13.99,824300
2019-03-06,14.0,14.05,13.85,13.89,695230
2019-03-07,13.89,14.02,13.89,13.94,374340
2019-03-08,13.92,13.95,13.85,13.91,693180
2019-03-11,13.91,13.97,13.85,13.86,364520
2019-03-12,13.94,14.48,13.94,14.48,1930870
2019-03-13,14.48,14.55,14.39,14.39,1001890
2019-03-14,14.39,14.48,14.33,14.44,510200
2019-03-15,14.41,14.42,14.25,14.33,1041840
2019-03-18,14.42,14.47,14.31,14.39,994080
2019-03-19,14.39,14.42,14.24,14.24,914720
2019-03-20,14.2,14.3,14.09,14.16,797270
2019-03-21,14.27,14.27,14.05,14.05,825740
2019-03-22,14.05,14.14,14.03,14.03,687690
2019-03-25,13.77,14.02,13.77,13.83,633520
2019-03-26,14.02,14.02,13.86,13.94,386120
2019-03-27,13.95,14.05,13.95,14.02,589040
2019-03-28,13.94,14.13,13.94,14.06,362360
2019-03-29,14.2,14.2,14.11,14.17,446750
2019-04-01,14.3,14.3,14.17,14.27,327500
2019-04-02,14.27,14.55,14.27,14.33,1354480
2019-04-03,14.45,14.7,14.33,14.7,1034100
2019-04-04,14.8,15.01,14.72,14.89,1716130
2019-04-05,14.89,14.92,14.78,14.89,615200
2019-04-08,14.84,14.95,14.78,14.89,452660
2019-04-09,14.89,15.11,14.73,14.73,1011680
2019-04-10,14.64,14.73,14.56,14.61,731100
2019-04-11,14.61,14.8,14.59,14.64,359910
2019-04-12,14.59,15.08,14.59,15.01,875090
2019-04-16,14.8,15.01,14.8,14.92,907000
2019-04-17,15.04,15.42,15.01,15.11,1959530
2019-04-18,15.11,15.34,14.97,15.11,975930
2019-04-19,15.17,15.23,15.08,15.09,453980
2019-04-22,15.11,15.11,14.89,14.92,826090
2019-04-23,14.92,15.09,14.8,14.92,549400
2019-04-24,15.11,15.15,14.98,15.12,855130
2019-04-25,15.11,15.31,15.09,15.2,970660
2019-04-26,15.23,15.5,15.2,15.43,864950
2019-05-02,15.51,15.64,15.47,15.53,885020
2019-05-03,15.54,15.57,15.45,15.57,1059570
2019-05-06,15.26,15.39,15.09,15.19,1455140
2019-05-07,15.29,15.48,15.28,15.48,1094880
2019-05-08,15.36,15.48,15.26,15.47,959020
2019-05-09,15.45,15.47,15.14,15.14,860940
2019-05-10,15.26,15.34,15.19,15.26,1027830
2019-05-13,15.26,15.51,15.26,15.42,850540
2019-05-14,15.39,15.82,15.29,15.64,1560830
2019-05-15,15.73,15.76,15.61,15.7,1539940
2019-05-16,15.7,15.79,15.47,15.47,1891290
2019-05-17,15.74,15.74,15.49,15.54,1487590
2019-05-20,15.56,15.84,15.56,15.82,1792130
2019-05-21,15.91,16.1,15.86,16.05,1016530
2019-05-22,16.07,16.14,15.82,15.82,1563650
2019-05-23,15.82,16.02,15.81,15.98,1267520
2019-05-24,15.91,16.07,15.82,15.95,1014750
2019-05-27,15.84,15.89,15.61,15.82,1261950
2019-05-28,15.74,15.88,15.65,15.68,518470
2019-05-29,15.68,15.68,15.39,15.42,1505300
2019-05-30,15.42,15.63,15.35,15.58,986450
2019-05-31,15.6,15.67,15.42,15.42,611860
2019-06-03,15.39,15.42,15.21,15.21,881810
2019-06-04,15.21,15.28,15.12,15.14,537160
2019-06-05,15.21,15.35,15.21,15.25,500100
2019-06-06,15.32,15.63,15.25,15.56,922740
2019-06-07,15.67,15.82,15.63,15.81,1304680
2019-06-10,15.91,15.98,15.67,15.77,1227340
2019-06-11,15.77,15.95,15.7,15.81,1296500
2019-06-12,15.81,15.95,15.74,15.75,1284520
2019-06-13,15.75,15.77,15.56,15.58,856270
2019-06-14,15.6,15.7,15.53,15.53,559800
2019-06-17,15.42,15.56,15.35,15.4,1013550
2019-06-18,15.51,15.54,15.3,15.4,763680
2019-06-19,15.49,15.63,15.46,15.61,530820
2019-06-20,15.68,15.88,15.61,15.88,1356030
2019-06-21,15.91,15.95,15.82,15.88,872460
2019-06-24,15.88,15.89,15.79,15.79,726160
2019-06-25,15.74,16.28,15.67,16.26,3269450
2019-06-26,16.26,16.26,16.12,16.14,1014470
2019-06-27,16.1,16.12,15.84,15.88,1221860
2019-06-28,15.88,16.08,15.7,15.91,2479220
2019-07-01,16.08,16.47,16.05,16.47,2551280
2019-07-02,16.43,16.61,16.31,16.4,1600280
2019-07-03,16.33,16.4,16.28,16.36,1275860
2019-07-04,16.43,16.5,16.36,16.42,1275800
2019-07-05,16.36,16.43,16.22,16.29,1137770
2019-07-08,16.26,16.4,16.1,16.19,1303050
2019-07-09,16.19,16.38,16.12,16.35,992570
2019-07-10,16.42,16.59,16.36,16.45,1281980
2019-07-11,16.49,16.52,16.36,16.43,854140
2019-07-12,16.47,16.59,16.36,16.43,1241970
2019-07-15,16.42,16.63,16.38,16.54,1176060
2019-07-16,16.56,16.71,16.52,16.54,1160000
2019-07-17,16.54,16.61,16.43,16.45,1292630
2019-07-18,16.43,16.47,16.36,16.36,1035440
2019-07-19,16.42,16.89,16.4,16.85,2811560
2019-07-22,16.85,17.01,16.77,16.91,1755780
2019-07-23,16.96,17.06,16.82,17.06,948550
2019-07-24,17.26,17.27,16.99,16.99,1952770
2019-07-25,16.99,17.12,16.96,17.01,1157100
2019-07-26,16.96,17.06,16.91,17.06,1043020
2019-07-29,17.06,17.06,16.85,16.99,1130450
2019-07-30,16.99,16.99,16.68,16.71,2092220
2019-07-31,16.71,16.92,16.61,16.92,1111880
2019-08-01,16.92,16.99,16.85,16.91,965060
2019-08-02,16.8,17.13,16.73,17.06,1451900
2019-08-05,17.13,17.41,17.06,17.13,2322100
2019-08-06,16.85,17.24,16.85,17.12,1304570
2019-08-07,17.13,17.4,17.12,17.4,1246410
2019-08-08,17.43,17.69,17.43,17.59,2085510
2019-08-09,17.59,17.97,17.48,17.87,1751680
2019-08-12,17.87,18.39,17.73,18.29,1817920
2019-08-13,18.22,18.6,18.08,18.36,2237980
2019-08-14,18.53,18.78,18.46,18.6,2205370
2019-08-15,18.5,18.89,18.32,18.89,2223880
2019-08-16,18.89,19.64,18.53,18.53,4531020
2019-08-19,18.53,18.78,18.25,18.67,2849780
2019-08-20,18.67,19.24,18.67,19.24,2277750
2019-08-21,19.28,19.42,19.03,19.1,1808020
2019-08-22,19.1,19.35,18.85,18.89,1892640
2019-08-23,18.92,19.39,18.75,19.39,1868200
2019-08-26,19.07,19.32,19.07,19.14,1756160
2019-08-27,19.24,19.35,18.82,18.82,1566370
2019-08-28,18.89,18.96,18.57,18.57,1537860
2019-08-29,18.6,18.82,18.5,18.78,972940
2019-08-30,18.89,19.03,18.85,18.92,708360
2019-09-03,18.89,19.24,18.89,19.14,1360230
2019-09-04,19.14,19.32,18.89,18.96,1655300
2019-09-05,19.03,19.07,18.75,18.75,1243680
2019-09-06,18.85,18.96,18.64,18.85,1142710
2019-09-09,18.89,19.39,18.71,19.17,2507800
2019-09-10,19.32,19.39,19.1,19.24,1731610
2019-09-11,19.24,19.32,19.03,19.28,1179670
2019-09-12,19.39,20.14,19.39,20.14,3799910
2019-09-13,20.14,20.46,20.06,20.24,2123900
2019-09-16,20.28,20.67,20.21,20.56,1339560
2019-09-17,20.42,20.71,20.35,20.53,1194690
2019-09-18,20.63,20.63,20.06,20.1,2592910
2019-09-19,20.17,20.6,20.03,20.6,1432730
2019-09-20,20.56,20.95,20.53,20.74,1396120
2019-09-23,20.67,20.78,20.14,20.14,2313090
2019-09-24,20.1,20.31,19.89,20.03,2537600
2019-09-25,20.06,20.46,19.99,20.46,1442410
2019-09-26,20.56,20.67,20.38,20.56,992640
2019-09-27,20.53,20.95,20.46,20.85,2510520
2019-09-30,21.13,21.2,20.56,20.56,2199170
2019-10-01,20.56,20.85,20.53,20.85,1644130
2019-10-02,20.85,20.88,20.38,20.38,2439020
2019-10-03,20.17,20.46,20.1,20.38,2804850
2019-10-04,20.49,20.49,20.21,20.24,1271210
2019-10-07,20.24,20.38,19.78,19.78,2371810
2019-10-08,19.78,20.03,19.67,19.99,1337220
2019-10-09,20.06,20.31,19.89,20.1,937530
2019-10-10,20.17,20.31,20.1,20.1,808000
2019-10-11,20.21,20.28,20.1,20.14,794420
2019-10-14,20.31,20.74,20.24,20.56,2231030
2019-10-15,20.6,20.6,20.46,20.46,663910
2019-10-16,20.6,20.67,20.46,20.49,829050
2019-10-17,20.46,20.49,20.17,20.21,1621590
2019-10-18,20.24,20.53,20.17,20.35,1447340
2019-10-21,20.46,20.46,20.06,20.14,1260490
2019-10-22,20.14,20.17,19.85,20.06,1534380
2019-10-23,19.96,20.31,19.96,20.1,747810
2019-10-24,20.24,20.74,20.1,20.74,2233890
2019-10-25,20.78,20.85,20.56,20.67,1355310
2019-10-28,20.67,20.95,20.6,20.71,1494820
2019-10-29,20.74,20.78,20.6,20.63,953020
2019-10-30,20.63,20.71,20.53,20.6,1102070
2019-10-31,20.67,20.92,20.6,20.63,1263390
2019-11-01,20.67,20.92,20.53,20.85,1732950
2019-11-04,20.92,21.56,20.92,21.35,5811560
2019-11-05,21.42,21.42,21.17,21.31,1239520
2019-11-06,21.31,21.52,21.2,21.2,1551610
2019-11-07,21.2,21.35,21.1,21.2,1438030
2019-11-08,21.31,21.31,21.1,21.24,1219540
2019-11-11,21.28,21.6,21.2,21.38,2180490
2019-11-12,21.38,21.85,21.38,21.74,2842650
2019-11-13,21.81,21.85,21.56,21.56,1333940
2019-11-14,21.56,21.74,20.49,20.78,4799390
2019-11-15,20.78,20.95,20.56,20.88,2568040
2019-11-18,20.81,20.95,20.35,20.49,2794920
2019-11-19,20.49,20.78,20.49,20.78,1059770
2019-11-20,20.74,20.74,20.17,20.24,2291760
2019-11-21,20.24,20.35,19.92,19.96,3303950
2019-11-22,20.06,20.35,19.78,19.96,1625820
2019-11-25,19.99,20.31,19.89,20.17,1087990
2019-11-26,20.31,20.38,20.24,20.35,968690
2019-11-27,20.38,20.46,20.28,20.31,812280
2019-11-28,20.28,20.28,19.89,19.96,1370820
2019-11-29,19.96,20.24,19.89,20.1,739370
2019-12-02,20.14,20.14,19.46,19.46,1992380
2019-12-03,19.32,19.67,18.99,19.42,1619120
2019-12-04,19.42,19.78,19.24,19.74,932130
2019-12-05,19.78,19.89,19.53,19.56,1144000
2019-12-06,19.6,19.74,19.49,19.6,556160
2019-12-09,19.67,19.89,19.6,19.71,700960
2019-12-10,19.71,19.89,19.53,19.78,797100
2019-12-11,19.78,20.17,19.67,20.14,877960
2019-12-12,20.24,20.38,20.21,20.31,942410
2019-12-13,20.38,20.49,20.28,20.35,1681700
2019-12-16,20.35,20.35,20.1,20.14,968130
2019-12-17,20.03,20.1,19.64,19.74,2211360
2019-12-18,19.74,19.96,19.6,19.78,1022490
2019-12-19,19.78,20.03,19.74,19.89,817820
2019-12-20,19.96,20.21,19.89,20.14,777100
2019-12-23,20.28,20.31,19.96,19.99,766000
2019-12-24,20.1,20.14,19.99,20.1,692100
2019-12-25,20.1,20.63,20.1,20.49,1604350
2019-12-26,20.6,20.71,20.46,20.46,1124500
2019-12-27,20.46,20.6,20.24,20.53,1004860
2019-12-30,20.6,20.99,20.53,20.88,2881060
2019-12-31,20.88,20.92,20.67,20.78,689030
2020-01-02,20.78,21.03,20.67,20.88,896720
2020-01-03,20.99,21.06,20.46,20.53,2047880
2020-01-06,20.35,20.53,20.24,20.31,1091660
2020-01-07,20.42,20.71,20.31,20.71,837240
2020-01-08,20.49,20.56,20.24,20.24,1814290
2020-01-09,20.42,20.56,20.35,20.53,967050
2020-01-10,20.49,20.6,20.35,20.49,1018650
2020-01-13,20.46,20.53,20.31,20.35,786760
2020-01-14,20.35,20.46,20.31,20.31,721680
2020-01-15,20.31,20.35,20.24,20.31,940870
2020-01-16,20.31,20.74,20.31,20.67,1942970
2020-01-17,20.67,20.71,20.31,20.53,1388810
2020-01-20,20.49,20.67,20.38,20.46,1227100
2020-01-21,20.6,20.67,19.78,19.78,4351820
2020-01-22,19.6,20.14,19.49,20.14,3165650
2020-01-30,19.71,19.89,19.21,19.49,2638460
2020-01-31,19.24,19.56,18.53,18.53,4118150
2020-02-03,17.68,18.71,17.46,18.35,3602970
2020-02-04,18.67,18.67,18.18,18.46,1651440
2020-02-05,18.64,18.82,18.53,18.53,1648620
2020-02-06,18.71,19.1,18.46,19.1,1708550
2020-02-07,18.89,19.07,18.82,18.99,1218660
2020-02-10,18.67,18.89,18.57,18.75,738090
2020-02-11,18.85,19.14,18.78,19.1,1085380
2020-02-12,19.17,19.49,19.14,19.28,1104870
2020-02-13,19.28,19.42,19.14,19.35,1030570
2020-02-14,19.28,19.42,19.24,19.42,884240
2020-02-17,19.46,19.46,19.24,19.32,726390
2020-02-18,19.39,19.96,19.35,19.96,1760940
2020-02-19,19.92,20.03,19.78,19.85,681250
2020-02-20,19.99,20.1,19.78,19.89,780810
2020-02-21,19.92,19.92,19.49,19.49,1458040
2020-02-24,18.92,19.21,18.71,18.71,2261990
2020-02-25,18.57,19.24,18.53,19.24,1407720
2020-02-26,19.03,19.67,18.89,19.6,3221270
2020-02-27,19.6,20.14,19.46,19.96,2927040
2020-02-28,19.6,19.85,19.46,19.64,2132200
2020-03-02,19.64,20.03,19.53,19.85,1787060
2020-03-03,20.03,20.31,19.85,19.92,1193800
2020-03-04,19.78,19.78,19.56,19.78,1660790
2020-03-05,19.78,19.92,19.46,19.46,1296450
2020-03-06,19.32,19.35,19.07,19.24,1305030
2020-03-09,18.25,18.53,17.93,17.93,4735140
2020-03-10,18.18,18.53,17.93,18.42,2030340
2020-03-11,18.53,18.71,17.64,18.1,2753310
2020-03-12,17.32,17.57,16.86,17.14,3981670
2020-03-13,16.14,17.82,16.11,17.16,2919140
2020-03-16,17.16,17.71,16.93,16.96,1898960
2020-03-17,16.75,17.28,16.57,17.28,2474650
2020-03-18,17.46,17.5,17.23,17.25,1642800
2020-03-19,16.96,17.14,16.96,17.0,1296590
2020-03-20,17.18,17.19,16.87,17.0,1291360
2020-03-23,16.43,16.71,15.82,15.82,2826690
2020-03-24,16.04,16.04,15.5,15.86,2191500
2020-03-25,16.39,16.54,16.09,16.39,2131790
2020-03-26,16.21,16.34,15.75,15.75,2358310
2020-03-27,15.82,15.82,15.29,15.36,2633750
2020-03-30,14.43,14.65,14.29,14.4,2157690
2020-03-31,14.83,15.11,14.29,14.65,1663050
2020-04-01,14.54,15.4,14.54,15.07,1453030
2020-04-03,15.32,15.91,15.22,15.89,2072000
2020-04-06,16.39,16.93,16.21,16.93,2718990
2020-04-07,16.93,17.0,16.57,16.86,2463810
2020-04-08,16.43,16.77,16.3,16.7,1576670
2020-04-09,16.75,16.96,16.57,16.7,2142370
2020-04-10,16.61,16.75,16.36,16.54,1882020
2020-04-13,16.54,16.75,16.43,16.57,1255360
2020-04-14,16.96,17.64,16.75,17.64,4072050
2020-04-15,18.0,18.1,17.77,17.85,2205200
2020-04-16,17.71,18.1,17.57,17.93,1508480
2020-04-17,18.25,18.28,17.89,18.25,2631630
2020-04-20,18.5,18.53,18.07,18.28,2239780
2020-04-21,18.0,18.14,17.43,17.57,3737050
2020-04-22,17.39,18.25,17.36,18.21,2445860
2020-04-23,18.57,18.6,18.18,18.18,1363410
2020-04-24,18.14,18.25,17.85,18.18,1411380
2020-04-27,18.35,18.35,18.0,18.07,1419750
2020-04-28,18.07,18.1,17.89,18.07,974310
2020-04-29,18.1,18.32,18.0,18.1,1349230
2020-05-04,17.89,18.14,17.75,18.0,895530
2020-05-05,18.1,18.18,17.96,18.14,677990
2020-05-06,18.18,18.92,18.18,18.85,3470150
2020-05-07,18.89,19.07,18.67,19.07,2030720
2020-05-08,19.1,19.64,19.1,19.14,3585320
2020-05-11,19.24,19.39,18.99,19.24,2119430
2020-05-12,19.24,19.39,19.1,19.39,2828190
2020-05-13,19.83,20.69,19.79,20.6,6853810
2020-05-14,20.44,20.5,20.25,20.33,2597400
2020-05-15,20.16,20.42,19.94,20.04,2430890
2020-05-18,19.83,20.19,19.79,20.19,2000950
2020-05-19,20.54,20.75,20.29,20.56,2879030
2020-05-20,20.46,20.46,20.27,20.42,1245380
2020-05-21,20.42,20.58,20.39,20.58,2007060
2020-05-22,20.46,20.46,20.23,20.23,1731720
2020-05-25,20.23,20.29,19.96,20.23,2033000
2020-05-26,20.25,20.37,20.19,20.37,1615680
2020-05-27,20.42,20.62,20.04,20.04,2098580
2020-05-28,20.12,20.29,20.04,20.04,1194380
2020-05-29,20.04,20.08,19.83,20.02,1346170
2020-06-01,20.04,20.19,20.04,20.16,1298150
2020-06-02,20.16,20.25,20.04,20.04,1456730
2020-06-03,20.04,20.44,20.0,20.31,1893060
2020-06-04,20.42,20.42,20.21,20.21,1260060
2020-06-05,20.21,20.33,20.1,20.33,1236200
2020-06-08,20.46,20.87,20.46,20.6,4113250
2020-06-09,20.71,20.73,20.42,20.44,1491540
2020-06-10,20.46,20.46,20.21,20.37,1307540
2020-06-11,20.37,20.37,19.2,19.2,4278060
2020-06-12,18.79,19.62,18.79,19.62,3145450
2020-06-15,20.04,20.04,19.16,19.2,1207500
2020-06-16,19.46,19.54,19.33,19.46,1100730
2020-06-17,19.5,19.52,19.31,19.35,788630
2020-06-18,19.33,19.5,19.27,19.46,822980
2020-06-19,19.46,19.62,19.46,19.62,745470
2020-06-22,19.62,19.62,19.56,19.62,787180
2020-06-23,19.6,20.21,19.52,19.85,1693730
2020-06-24,20.0,20.02,19.64,19.71,607000
2020-06-25,19.48,19.66,19.46,19.54,730810
2020-06-26,19.54,19.68,19.5,19.56,602880
2020-06-29,19.46,19.46,19.14,19.23,1281220
2020-06-30,19.27,19.37,18.95,19.06,1594210
2020-07-01,19.2,19.33,19.12,19.29,866660
2020-07-02,19.33,19.33,19.18,19.27,539160
2020-07-03,19.41,19.41,19.25,19.31,529760
2020-07-06,19.41,19.6,19.33,19.54,1089910
2020-07-07,19.62,20.0,19.62,19.81,2739150
2020-07-08,19.75,20.0,19.75,19.91,1472610
2020-07-09,20.0,20.21,19.96,20.19,2298900
2020-07-10,20.08,20.14,19.83,19.96,1164310
2020-07-13,20.04,20.44,19.94,20.31,2662490
2020-07-14,20.16,20.39,20.16,20.27,1549540
2020-07-15,20.35,20.44,20.21,20.29,1516540
2020-07-16,20.27,20.35,20.21,20.29,1060530
2020-07-17,20.25,20.25,20.08,20.08,1313100
2020-07-20,20.08,20.12,19.77,19.79,2049680
2020-07-21,19.83,20.02,19.73,19.96,940230
2020-07-22,20.04,20.04,19.75,19.79,817890
2020-07-23,19.79,19.94,19.66,19.94,918630
2020-07-24,19.79,19.85,18.95,19.16,3170540
2020-07-27,18.79,19.16,18.2,18.24,3274350
2020-07-28,18.54,19.12,18.43,19.08,1953510
2020-07-29,18.54,18.75,18.29,18.6,1554200
2020-07-30,18.62,18.85,18.62,18.85,612240
2020-07-31,18.37,18.87,18.37,18.58,1106250
2020-08-03,18.62,19.16,18.58,19.16,1392200
2020-08-04,19.41,19.54,19.29,19.43,1051310
2020-08-05,19.41,19.68,19.31,19.62,1328520
2020-08-06,19.62,19.73,19.5,19.54,1153660
2020-08-07,19.54,19.96,19.54,19.66,1283690
2020-08-10,19.77,19.96,19.66,19.71,1160370
2020-08-11,19.81,19.81,19.62,19.62,1209690
2020-08-12,19.66,19.83,19.58,19.83,1233230
2020-08-13,20.02,20.02,19.83,20.02,1709100
2020-08-14,20.08,20.12,19.81,19.96,1633770
2020-08-17,20.0,20.04,19.83,20.04,1048820
2020-08-18,20.04,20.11,19.96,19.98,625200
2020-08-19,20.0,20.06,19.89,19.98,877190
2020-08-20,20.0,20.23,19.98,20.06,1824430
2020-08-21,20.15,20.25,20.13,20.21,1260210
2020-08-24,20.45,20.72,20.4,20.66,3540210
2020-08-25,20.72,20.87,20.7,20.83,3304670
2020-08-26,20.81,20.83,20.55,20.64,1328990
2020-08-27,20.57,21.36,20.57,21.26,3724990
2020-08-28,21.41,21.79,21.28,21.28,4009380
2020-08-31,21.28,21.45,21.04,21.11,1940640
2020-09-01,21.11,21.53,21.04,21.28,1757410
2020-09-03,21.49,21.53,21.28,21.49,2281510
2020-09-04,21.11,21.32,21.11,21.32,1538510
2020-09-07,21.3,21.32,20.68,20.68,2270970
2020-09-08,20.79,21.11,20.68,21.11,1628870
2020-09-09,20.74,21.11,20.72,20.98,1490820
2020-09-10,21.11,21.23,20.94,20.98,1005950
2020-09-11,20.89,20.98,20.83,20.96,872160
2020-09-14,21.0,21.11,20.94,21.02,1127400
2020-09-15,21.11,21.32,21.02,21.32,1906730
2020-09-16,21.32,21.66,21.32,21.53,1918130
2020-09-17,21.45,21.53,21.28,21.32,1563010
2020-09-18,21.36,21.92,21.32,21.83,3306720
2020-09-21,21.87,22.05,21.83,21.83,1530250
2020-09-22,21.66,21.87,21.58,21.87,1630570
2020-09-23,21.87,21.96,21.66,21.79,1797680
2020-09-24,21.62,21.75,21.41,21.53,1728380
2020-09-25,21.62,21.66,21.32,21.66,1205550
2020-09-28,21.7,21.87,21.58,21.79,1312300
2020-09-29,21.92,21.92,21.41,21.41,1900490
2020-09-30,21.41,21.49,21.21,21.32,2500310
2020-10-01,21.41,21.66,21.41,21.66,905510
2020-10-02,21.66,21.79,20.89,21.45,1947940
2020-10-05,21.49,21.66,21.28,21.53,1498360
2020-10-06,21.66,21.7,21.45,21.53,1520290
2020-10-07,21.41,21.62,21.41,21.49,1493710
2020-10-08,21.53,21.96,21.45,21.79,3062690
2020-10-09,21.75,21.83,21.66,21.66,1173500
2020-10-12,21.7,21.92,21.58,21.7,1550680
2020-10-13,21.7,21.75,21.53,21.62,1222200
2020-10-14,21.66,21.92,21.49,21.75,2409760
2020-10-15,21.83,21.92,21.62,21.83,1925370
2020-10-16,21.83,22.98,21.7,22.68,5769540
2020-10-19,22.86,22.94,22.6,22.73,2333670
2020-10-20,22.64,22.73,22.39,22.68,1886160
2020-10-21,22.68,23.24,22.51,22.51,3305010
2020-10-22,22.51,23.03,22.43,23.03,2346540
2020-10-23,23.11,23.24,22.81,22.98,2646310
2020-10-26,22.98,23.24,22.51,22.51,3852510
2020-10-27,22.56,22.68,22.22,22.22,3188810
2020-10-28,22.17,22.34,21.62,21.62,3596230
2020-10-29,21.49,21.87,21.41,21.7,2719690
2020-10-30,21.96,21.96,21.53,21.96,1469970
2020-11-02,21.96,22.05,21.83,22.05,866110
2020-11-03,22.13,22.56,22.05,22.51,2562890
2020-11-04,22.6,22.73,22.39,22.6,1369690
2020-11-05,22.47,22.77,22.17,22.17,1305860
2020-11-06,22.34,22.51,22.22,22.34,987260
2020-11-09,22.51,22.77,22.47,22.77,2011650
2020-11-10,23.03,23.03,22.6,22.6,1739340
2020-11-11,22.77,22.77,22.47,22.6,1668230
2020-11-12,22.6,22.81,22.56,22.81,1234540
2020-11-13,22.94,22.94,22.81,22.94,1318170
2020-11-16,23.03,23.2,22.6,22.73,3713690
2020-11-17,22.86,23.07,22.6,23.03,2515530
2020-11-18,23.15,23.15,22.9,23.03,1757160
2020-11-19,23.15,23.88,23.03,23.49,4980430
2020-11-20,23.49,23.84,23.45,23.54,1837360
2020-11-23,23.54,23.96,23.28,23.84,2824640
2020-11-24,23.84,24.09,23.45,23.71,3003940
2020-11-25,24.01,24.01,23.54,23.54,1835630
2020-11-26,23.67,23.88,23.37,23.75,1635130
2020-11-27,23.84,23.96,23.71,23.96,1986420
2020-11-30,24.18,24.18,23.62,23.62,2761700
2020-12-01,23.45,23.62,23.37,23.54,3427370
2020-12-02,23.45,23.75,23.45,23.71,2108200
2020-12-03,23.71,23.75,23.49,23.71,1627980
2020-12-04,23.62,23.84,23.62,23.75,1380920
2020-12-07,23.84,23.88,23.67,23.75,1455180
2020-12-08,23.75,24.13,23.67,23.96,2297110
2020-12-09,24.01,24.65,23.96,24.52,3001820
2020-12-10,24.31,24.6,24.09,24.09,2112490
2020-12-11,24.13,24.31,24.01,24.31,1750270
2020-12-14,24.31,24.73,24.26,24.39,1443760
2020-12-15,24.52,24.56,24.13,24.18,2666900
2020-12-16,24.39,24.52,24.31,24.35,1995530
2020-12-17,24.26,24.35,23.88,24.09,3594500
2020-12-18,24.09,24.35,24.09,24.26,1532820
2020-12-21,24.43,24.65,24.35,24.52,2307390
2020-12-22,24.48,24.94,24.35,24.77,2576390
2020-12-23,24.86,24.99,24.39,24.52,1391420
2020-12-24,24.52,24.65,24.05,24.31,2386210
2020-12-25,24.31,24.56,24.13,24.56,1625110
2020-12-28,24.69,24.99,24.52,24.69,2197090
2020-12-29,24.69,25.07,24.56,24.99,2172950
2020-12-30,25.12,25.12,24.77,24.77,1204180
2020-12-31,24.77,25.24,24.73,25.2,2036370
2021-01-04,25.41,25.67,25.29,25.67,2151300
2021-01-05,25.58,27.08,25.5,26.74,2332200
2021-01-06,26.91,27.12,26.57,26.61,1796000
2021-01-07,26.69,26.82,26.39,26.65,2150200
2021-01-08,26.86,27.16,26.69,26.99,2720400
2021-01-11,27.25,27.59,26.99,27.59,1972800
2021-01-12,27.72,28.14,27.29,28.06,2435200
2021-01-13,28.1,28.74,28.1,28.36,2612000
2021-01-14,28.36,28.57,28.01,28.31,1777500
2021-01-15,28.57,28.57,28.31,28.4,1540400
2021-01-18,28.57,28.57,28.23,28.27,1209000
2021-01-19,28.14,28.19,26.31,26.44,3505600
2021-01-20,26.74,27.16,25.67,26.99,3663800
2021-01-21,27.5,28.06,26.99,27.97,2313100
2021-01-22,28.01,28.78,27.89,28.53,2090300
2021-01-25,28.48,29.08,28.23,28.57,3111900
2021-01-26,28.78,28.78,27.93,28.14,2597500
2021-01-27,28.01,28.19,26.82,26.86,2226800
2021-01-28,25.58,26.57,24.99,24.99,5092400
2021-01-29,25.16,26.74,25.16,26.74,3211900
2021-02-01,27.46,27.89,26.57,27.08,2017400
2021-02-02,26.91,28.14,26.86,28.14,3264600
2021-02-03,28.78,30.1,28.19,29.85,4173500
2021-02-04,29.98,31.21,29.93,30.91,4398700
2021-02-05,31.13,31.3,30.62,31.08,2084900
2021-02-08,31.04,31.08,29.68,30.4,4035600
2021-02-09,30.45,31.81,29.85,31.81,4224300
2021-02-17,32.49,33.69,32.36,33.22,3139100
2021-02-18,33.22,33.39,32.66,33.34,2243100
2021-02-19,33.0,33.26,32.41,32.66,3722700
2021-02-22,32.66,33.05,32.45,32.75,2319300
2021-02-23,32.53,32.83,31.81,32.19,3369500
2021-02-24,32.41,32.62,31.94,32.15,2225200
2021-02-25,32.45,32.53,31.77,32.49,1927500
2021-02-26,31.98,32.58,31.94,32.49,1936000
2021-03-01,32.79,33.26,32.75,33.22,2078100
2021-03-02,33.64,33.64,32.79,33.22,1821700
2021-03-03,33.26,33.3,33.0,33.13,1599400
2021-03-04,33.13,33.17,32.02,32.36,2901500
2021-03-05,32.24,32.41,31.77,32.36,2507500
2021-03-08,32.41,32.62,32.15,32.32,1656600
2021-03-09,31.98,32.28,31.77,31.98,2182400
2021-03-10,32.36,33.05,31.98,32.53,2602400
2021-03-11,32.62,32.88,32.45,32.71,1477800
2021-03-12,32.83,32.88,32.53,32.62,2062800
2021-03-15,32.66,33.05,32.45,32.62,1760900
2021-03-16,32.83,34.75,32.66,34.54,5111000
2021-03-17,34.75,34.75,34.11,34.45,1603200
2021-03-18,34.54,34.54,34.11,34.54,1807500
2021-03-19,34.11,34.33,33.86,34.03,2247800
2021-03-22,33.9,33.94,33.39,33.56,2084800
2021-03-23,33.47,34.11,33.39,33.6,2201700
2021-03-24,33.22,33.64,32.62,32.83,2480100
2021-03-25,33.05,33.05,32.62,32.66,2305400
2021-03-26,32.58,32.75,31.77,32.45,2672600
2021-03-29,32.62,33.3,32.45,33.09,1997700
2021-03-30,33.17,33.26,32.83,32.88,1512500
2021-03-31,32.88,33.3,32.66,33.13,1373400
2021-04-01,33.22,33.98,33.22,33.98,2500900
2021-04-02,34.28,34.33,34.03,34.03,1950200
2021-04-05,34.28,34.33,33.64,33.94,1487000
2021-04-06,33.73,34.11,33.73,33.86,1505800
2021-04-07,33.77,33.98,33.73,33.94,1503800
2021-04-08,34.2,34.37,33.9,33.94,1609800
2021-04-09,34.07,35.39,34.07,35.01,3970400
2021-04-12,35.14,35.14,34.75,35.01,2022500
2021-04-13,34.97,35.05,34.33,34.41,2038100
2021-04-14,34.11,34.54,33.9,34.54,2530600
2021-04-15,34.54,34.71,34.03,34.11,2096200
2021-04-16,34.03,34.62,33.6,33.98,2194600
2021-04-19,34.11,34.75,33.9,34.75,2380800
2021-04-20,34.88,36.2,34.79,35.35,4742800
2021-04-22,35.01,35.78,34.11,34.11,2271200
2021-04-23,34.11,35.39,33.98,35.39,3166400
2021-04-26,35.18,35.31,34.33,34.54,2551300
2021-04-27,34.28,34.71,34.16,34.41,1287100
2021-04-28,34.16,34.67,34.16,34.45,1366700
2021-04-29,34.45,34.88,34.45,34.5,2095500
2021-05-04,34.11,35.6,34.11,35.35,2362100
2021-05-05,35.86,36.03,35.26,35.35,2321300
2021-05-06,35.39,35.6,35.05,35.26,1969000
2021-05-07,35.26,35.82,35.09,35.39,2705900
2021-05-10,35.43,36.67,35.39,36.59,4504300
2021-05-11,36.67,36.93,36.33,36.33,2078700
2021-05-12,36.24,36.42,35.95,36.42,1844500
2021-05-13,36.24,36.42,35.82,35.82,2558300
2021-05-14,35.95,36.76,35.86,36.16,1858700
2021-05-17,36.59,36.93,36.33,36.54,1744500
2021-05-18,36.84,37.27,36.76,37.1,2133500
2021-05-19,37.31,38.85,37.01,38.72,2876300
2021-05-20,38.72,40.72,38.55,40.72,3523900
2021-05-21,40.21,41.19,39.66,40.0,3222700
2021-05-24,40.0,40.04,39.27,39.87,2669500
2021-05-25,39.87,40.59,39.57,40.0,2156300
2021-05-26,40.17,40.72,39.95,40.64,1992800
2021-05-27,40.64,40.68,39.87,40.0,1745800
2021-05-28,40.21,40.51,39.95,40.42,1874300
2021-05-31,40.72,41.79,40.38,41.75,3237700
2021-06-01,43.55,43.84,43.1,43.15,3495000
2021-06-02,43.15,43.35,42.11,42.36,3053900
2021-06-03,42.11,42.31,41.76,42.21,3190800
2021-06-04,42.11,42.16,41.52,41.96,3820600
2021-06-07,41.91,41.96,40.13,40.97,3711200
2021-06-08,40.62,41.12,39.93,40.03,3486000
2021-06-09,39.93,40.67,39.14,40.48,3576100
2021-06-10,40.48,40.87,40.13,40.57,2214900
2021-06-11,40.38,41.57,40.28,41.37,2359600
2021-06-14,41.32,41.91,41.12,41.52,2547600
2021-06-15,41.52,41.86,41.22,41.22,1778700
2021-06-16,41.27,41.91,40.97,41.17,2462000
2021-06-17,40.67,41.17,40.67,40.92,2236400
2021-06-18,41.17,41.71,40.97,41.52,1681700
2021-06-21,41.42,42.75,41.22,42.41,3878300
2021-06-22,42.66,42.9,42.31,42.31,1760300
2021-06-23,42.26,42.41,41.66,42.06,1599900
2021-06-24,42.06,42.06,41.57,41.96,1657800
2021-06-25,41.96,42.31,41.71,42.21,1503400
2021-06-28,42.61,42.66,42.31,42.46,1858800
2021-06-29,42.9,44.09,42.75,43.89,4897800
2021-06-30,44.09,44.14,43.6,43.6,1651100
2021-07-01,43.65,44.04,43.6,44.04,1700100
2021-07-02,44.24,45.83,44.04,45.53,3873500
2021-07-05,47.06,47.06,45.08,45.93,2934200
2021-07-06,45.83,46.07,43.1,43.1,2640500
2021-07-07,43.1,45.08,42.11,44.84,4910200
2021-07-08,44.79,44.84,44.09,44.49,2375400
2021-07-09,44.39,45.58,43.99,44.44,2947000
2021-07-12,43.99,44.44,41.42,42.66,6764400
2021-07-13,43.05,43.25,42.11,43.1,2207400
2021-07-14,43.4,43.4,41.96,42.21,2433500
2021-07-15,41.96,42.9,41.96,42.31,2714600
2021-07-16,42.56,43.6,42.36,43.0,2285700
2021-07-19,42.21,42.8,41.86,41.96,3288800
2021-07-20,42.01,43.0,41.57,43.0,2553700
2021-07-21,43.0,43.55,42.66,42.9,3369200
2021-07-22,42.7,44.39,42.7,44.29,4445600
2021-07-23,44.29,46.02,43.94,44.84,6755700
2021-07-26,44.74,46.52,44.69,46.42,5773100
2021-07-27,46.77,47.02,45.83,46.17,5007000
2021-07-28,45.97,46.42,45.43,45.58,3346700
2021-07-29,45.58,46.52,45.43,46.27,3712900
2021-07-30,46.32,46.97,45.97,46.57,4525900
2021-08-02,46.57,47.86,46.57,47.36,4275900
2021-08-03,47.46,47.56,46.92,47.46,3607200
2021-08-04,47.51,47.66,47.02,47.36,2818400
2021-08-05,47.16,48.06,47.02,47.86,2485600
2021-08-06,47.96,48.15,47.46,47.86,3413900
2021-08-09,48.06,48.4,47.51,48.3,2934500
2021-08-10,48.7,48.75,48.35,48.45,2680700
2021-08-11,48.4,48.45,47.61,47.61,4883200
2021-08-12,47.46,47.56,46.27,46.47,8399400
2021-08-13,46.12,47.06,46.07,47.06,3618700
2021-08-16,47.56,47.66,47.26,47.36,1906800
2021-08-17,47.11,47.36,46.81,46.96,2801700
2021-08-18,46.96,47.51,46.96,47.06,1951000
2021-08-19,47.56,47.56,46.96,47.31,2721600
2021-08-20,47.31,47.41,45.61,46.46,4349300
2021-08-23,46.31,46.31,45.56,45.56,3436600
2021-08-24,45.81,46.06,45.01,46.01,3081500
2021-08-25,46.26,46.26,45.56,46.01,1344000
2021-08-26,46.06,46.51,45.66,45.76,1758700
2021-08-27,45.56,46.06,45.36,46.06,1896200
2021-08-30,46.56,46.56,46.11,46.16,1494800
2021-08-31,46.21,46.66,46.06,46.26,1952500
2021-09-01,46.11,46.56,46.11,46.26,1353300
2021-09-06,46.26,47.51,46.21,47.51,3124600
2021-09-07,47.71,47.71,46.81,46.81,2290600
2021-09-08,46.81,47.16,46.46,46.61,1453800
2021-09-09,46.61,47.01,46.46,46.66,1393700
2021-09-10,46.76,47.26,46.76,46.81,1440100
2021-09-13,46.86,47.06,46.51,46.56,1600000
2021-09-14,46.71,47.41,46.56,46.96,2523200
2021-09-15,46.96,47.26,46.71,47.11,1690100
2021-09-16,47.26,47.56,47.16,47.41,1924700
2021-09-17,47.81,48.57,47.76,47.91,3325700
2021-09-20,48.06,48.16,47.11,47.26,2526100
2021-09-21,46.76,47.06,46.31,46.81,2697100
2021-09-22,46.66,46.76,46.41,46.66,2027200
2021-09-23,46.66,46.96,46.56,46.61,1394200
2021-09-24,46.66,46.66,46.41,46.41,1449000
2021-09-27,46.51,46.81,46.11,46.11,1546100
2021-09-28,45.91,46.56,45.81,46.56,1393500
2021-09-29,46.56,46.76,46.21,46.66,1177400
2021-09-30,46.81,47.01,46.56,46.56,996900
2021-10-01,46.51,46.61,46.31,46.51,1055400
2021-10-04,46.56,47.66,46.26,47.36,2277800
2021-10-05,47.56,48.06,47.26,47.26,1392800
2021-10-06,47.31,47.41,46.91,47.26,1571300
2021-10-07,47.51,47.56,47.11,47.21,1497000
2021-10-08,47.56,49.82,47.26,49.52,8305600
2021-10-11,49.57,49.72,49.22,49.67,2295500
2021-10-12,49.67,49.67,49.32,49.57,1125300
2021-10-13,49.57,50.82,49.32,49.77,3232500
2021-10-14,49.77,50.07,49.27,49.47,1824200
2021-10-15,49.77,50.12,49.27,49.52,1702500
2021-10-18,49.57,50.07,49.37,49.57,2264100
2021-10-19,49.57,49.82,49.37,49.37,1534300
2021-10-20,49.42,49.82,48.37,48.87,2248600
2021-10-21,49.27,49.32,48.42,48.42,2283600
2021-10-22,48.57,48.77,48.11,48.16,2023400
2021-10-25,48.16,48.16,47.51,47.51,2938500
2021-10-26,47.56,48.52,47.21,48.52,1855700
2021-10-27,48.47,49.17,48.32,49.17,2326700
2021-10-28,49.17,49.27,48.67,49.07,1644700
2021-10-29,49.07,49.07,48.52,48.52,2382700
2021-11-01,48.77,48.77,47.86,47.96,2855800
2021-11-02,47.81,48.57,47.81,48.11,2109100
2021-11-03,48.16,48.42,47.66,48.11,2680100
2021-11-04,48.11,48.47,47.91,48.06,1761300
2021-11-05,48.16,48.97,48.06,48.87,2169900
2021-11-08,48.87,49.32,48.72,48.77,1687900
2021-11-09,48.82,48.87,48.06,48.26,1845900
2021-11-10,48.26,48.57,48.01,48.57,1592400
2021-11-11,48.57,49.07,47.96,48.06,2122200
2021-11-12,48.16,49.17,48.01,49.07,2240300
2021-11-15,49.32,49.32,48.72,48.72,1908900
2021-11-16,48.72,49.82,48.47,49.22,3506200
2021-11-17,49.22,49.27,49.07,49.22,1186200
2021-11-18,49.22,49.42,48.32,48.32,2005000
2021-11-19,48.82,48.97,47.61,47.71,2481300
2021-11-22,47.81,48.06,47.56,47.56,1670100
2021-11-23,47.56,48.37,47.51,48.37,1150800
2021-11-24,48.42,49.27,48.26,49.02,2445600
2021-11-25,49.32,50.97,49.22,50.07,5487400
2021-11-26,50.12,50.47,49.47,49.52,1996200
2021-11-29,48.82,49.52,48.82,49.12,1993000
2021-11-30,49.12,49.32,48.57,48.62,2563100
2021-12-01,48.82,49.37,48.42,49.17,1254900
2021-12-02,48.87,49.22,48.67,48.67,952900
2021-12-03,48.97,48.97,47.81,47.81,2009700
2021-12-06,47.81,48.32,47.16,47.31,2393800
2021-12-07,47.56,48.06,47.31,48.06,1451000
2021-12-08,48.32,48.32,47.56,47.86,1064800
2021-12-09,47.61,48.57,47.61,48.57,993100
2021-12-10,48.26,48.57,47.76,47.96,1160000
2021-12-13,48.32,48.32,47.86,48.06,900200
2021-12-14,48.06,48.26,47.76,47.91,1144500
2021-12-15,47.91,48.21,47.86,48.01,808400
2021-12-16,48.82,48.82,47.81,47.81,1245000
2021-12-17,47.86,48.57,47.81,48.26,1152100
2021-12-20,48.32,48.32,47.81,47.96,1019800
2021-12-21,47.91,48.01,47.61,47.66,1112300
2021-12-22,47.56,47.76,47.36,47.56,1670500
2021-12-23,47.56,47.56,46.56,46.66,1930300
2021-12-24,46.81,47.31,46.46,46.96,1186700
2021-12-27,47.16,47.56,46.71,47.31,793700
2021-12-28,47.31,47.51,47.11,47.31,567300
2021-12-29,47.46,47.46,46.86,46.86,912200
2021-12-30,46.91,47.21,46.81,46.86,810800
2021-12-31,46.96,47.26,46.56,46.56,1607400
2022-01-04,46.76,47.16,46.71,46.81,1935000
2022-01-05,46.91,47.16,46.81,46.86,1193800
2022-01-06,46.86,47.06,46.81,46.81,1192400
2022-01-07,46.61,46.91,46.61,46.76,1016800
2022-01-10,46.66,46.81,46.01,46.06,1882400
2022-01-11,46.06,46.16,44.61,44.81,2509300
2022-01-12,44.61,45.36,44.31,44.86,1740700
2022-01-13,45.51,46.41,44.96,46.11,1811800
2022-01-14,45.91,46.11,45.51,45.71,686700
2022-01-17,45.31,45.71,44.56,44.56,1568400
2022-01-18,44.21,44.86,44.06,44.11,1209900
2022-01-19,44.11,44.66,44.06,44.21,744900
2022-01-20,44.26,45.56,44.21,44.46,1334600
2022-01-21,44.56,44.96,44.16,44.16,841200
2022-01-24,44.16,44.31,42.56,42.71,2024200
2022-01-25,42.66,43.81,42.06,43.31,1192600
2022-01-26,43.56,43.56,42.81,43.06,913600
2022-01-27,43.06,43.41,42.76,43.01,719600
2022-01-28,43.06,44.81,43.01,44.81,1552300
2022-02-07,45.06,45.11,44.56,44.81,518400
2022-02-08,44.81,45.96,44.81,45.36,845100
2022-02-09,45.91,45.91,45.36,45.41,1142700
2022-02-10,45.76,46.06,45.16,46.06,974900
2022-02-11,45.96,46.26,45.76,45.86,641600
2022-02-14,45.56,45.86,45.26,45.56,774100
2022-02-15,45.56,45.91,45.31,45.61,655400
2022-02-16,45.91,46.31,45.71,45.71,614200
2022-02-17,46.01,46.46,45.56,46.46,853700
2022-02-18,46.21,46.31,45.91,46.16,618800
2022-02-21,46.16,47.06,46.06,46.81,1386000
2022-02-22,46.56,46.71,46.06,46.51,1158200
2022-02-23,46.36,47.01,46.36,46.56,973800
2022-02-24,46.56,46.81,45.06,46.06,1349600
2022-02-25,46.26,46.76,46.11,46.21,1059900
2022-02-28,46.21,46.81,46.21,46.71,1504600
2022-03-01,47.06,47.06,46.31,46.76,1101900
2022-03-02,46.56,46.76,46.41,46.61,1088900
2022-03-03,46.66,47.06,46.66,46.76,957600
2022-03-04,46.71,46.96,46.56,46.81,1343800
2022-03-07,46.61,47.01,46.16,46.96,1698000
2022-03-08,46.96,47.76,46.36,47.46,2227500
2022-03-09,47.36,48.32,47.36,47.81,2204000
2022-03-10,48.21,48.21,47.36,47.36,778700
2022-03-11,47.31,47.36,46.41,46.66,1139000
2022-03-14,46.56,46.56,45.31,45.96,1943000
2022-03-15,45.96,45.96,44.96,45.56,1872000
2022-03-16,45.61,46.21,45.31,45.86,1139600
2022-03-17,45.96,46.41,45.81,46.06,1180600
2022-03-18,46.56,48.37,46.56,47.61,2815100
2022-03-21,47.66,48.06,47.56,47.71,1560700
2022-03-22,48.06,48.57,47.76,48.26,2079200
2022-03-23,48.32,48.82,48.06,48.32,1975800
2022-03-24,48.06,48.67,47.71,48.06,1823700
2022-03-25,48.11,48.32,47.86,47.91,1228100
2022-03-28,47.81,49.42,47.66,49.12,3501600
2022-03-29,49.37,52.52,49.37,52.52,8224300
2022-03-30,52.97,53.72,52.32,53.07,2830700
2022-03-31,52.82,55.37,52.37,53.57,3472300
2022-04-01,53.52,55.57,53.12,55.57,4317300
2022-04-04,56.83,56.83,54.72,54.72,2687800
2022-04-05,54.62,55.88,54.57,54.57,1863900
2022-04-06,54.27,57.08,54.27,56.58,4179000
2022-04-07,56.93,58.53,56.13,56.73,3915200
2022-04-08,56.73,57.03,54.32,54.32,4069700
2022-04-12,54.57,55.83,53.37,54.97,3162100
2022-04-13,55.07,57.63,54.97,57.63,3322800
2022-04-14,57.68,59.53,57.68,58.38,3529400
2022-04-15,57.63,59.03,57.08,57.58,3121400
2022-04-18,57.58,59.38,57.08,57.83,3356100
2022-04-19,58.33,58.58,56.08,56.08,4731000
2022-04-20,56.08,56.58,54.87,56.08,3295000
2022-04-21,55.67,58.03,55.67,56.08,4068500
2022-04-22,56.33,57.03,53.07,55.62,5708900
2022-04-25,55.12,55.52,51.77,51.77,4605900
2022-04-26,50.17,52.57,48.57,52.22,5431400
2022-04-27,51.32,52.07,50.32,51.57,2529700
2022-04-28,51.52,53.47,51.32,52.82,2530400
2022-04-29,52.57,53.62,52.17,52.57,3991500
2022-05-04,52.52,53.02,52.12,52.32,1598400
2022-05-05,52.37,52.82,51.02,52.42,2194900
2022-05-06,51.22,52.07,50.17,50.17,2430900
2022-05-09,49.22,49.57,47.06,47.06,4499100
2022-05-10,47.06,49.47,46.06,49.27,2816700
2022-05-11,49.07,51.02,48.47,51.02,1667700
2022-05-12,49.72,51.02,47.56,47.86,2591500
2022-05-13,48.11,49.57,46.61,46.86,4103700
2022-05-16,48.82,48.82,46.66,46.66,1740900
2022-05-17,46.56,49.92,46.31,49.92,2045800
2022-05-18,49.92,50.12,48.82,48.92,1934400
2022-05-19,47.61,48.92,47.61,48.57,1228600
2022-05-20,48.92,49.52,48.57,48.82,1410400
2022-05-23,49.17,49.17,48.11,48.32,1136900
2022-05-24,48.32,49.17,48.06,49.17,1384700
2022-05-25,49.82,52.57,49.42,52.57,3770800
2022-05-26,52.67,53.62,52.37,52.87,1426400
2022-05-27,52.87,56.08,52.82,55.98,3878400
2022-05-30,55.62,56.28,54.67,55.73,2496900
2022-05-31,55.73,55.73,53.82,55.02,2157000
2022-06-01,55.02,56.53,54.97,55.98,2036500
2022-06-02,56.48,57.48,55.62,55.83,2292800
2022-06-03,55.83,57.08,55.52,57.08,1755900
2022-06-06,57.08,58.08,56.08,56.58,2558200
2022-06-07,56.43,57.88,54.37,57.88,3908000
2022-06-08,58.23,58.88,57.33,57.58,2660400
2022-06-09,57.83,58.03,56.73,57.73,1706300
2022-06-10,56.78,57.43,55.07,55.07,2972500
2022-06-13,53.35,55.05,52.14,52.26,3393300
2022-06-14,52.14,54.51,51.84,54.02,2308300
2022-06-15,54.93,54.93,53.35,54.87,1762600
2022-06-16,55.17,56.87,54.69,55.78,2517500
2022-06-17,54.75,56.14,53.96,55.78,2321400
2022-06-20,56.69,57.29,55.35,55.78,2483900
2022-06-21,56.02,56.69,53.96,54.02,2460200
2022-06-22,54.44,54.81,51.17,51.23,2971400
2022-06-23,50.93,52.63,50.75,51.84,2022500
2022-06-24,52.2,53.23,51.84,51.84,902400
2022-06-27,52.38,53.29,52.08,52.44,1254800
2022-06-28,54.26,54.69,52.87,54.38,2296600
2022-06-29,53.9,54.57,53.47,54.57,1182600
2022-06-30,54.26,54.51,52.26,52.26,1506500
2022-07-01,52.75,53.84,51.41,53.35,1696500
2022-07-04,53.66,53.66,52.14,52.57,1005500
2022-07-05,53.23,53.23,51.78,51.78,1395600
2022-07-06,50.99,52.08,50.63,50.63,2232400
2022-07-07,50.87,51.29,50.38,50.38,1286300
2022-07-08,50.87,50.93,50.38,50.69,910400
2022-07-11,51.29,51.29,50.2,50.2,998100
2022-07-12,50.2,50.63,50.14,50.63,602800
2022-07-13,50.93,50.93,50.02,50.02,1140700
2022-07-14,50.2,50.63,49.84,50.2,891300
2022-07-15,50.93,50.93,49.84,49.84,1382300
2022-07-18,50.2,51.23,49.9,50.32,1264900
2022-07-19,50.26,50.32,49.84,50.32,1185400
2022-07-20,51.53,52.08,50.93,51.47,2848900
2022-07-21,52.08,52.08,51.23,51.53,1804200
2022-07-22,52.38,52.44,51.6,51.6,1307200
2022-07-25,52.75,52.75,51.6,51.78,2245900
2022-07-26,52.14,52.14,51.41,51.41,1128800
2022-07-27,51.29,51.66,51.17,51.66,771100
2022-07-28,51.66,52.02,50.38,51.47,1664800
2022-07-29,51.6,51.66,50.63,50.63,1941800
2022-08-01,50.93,51.05,50.38,50.93,1815100
2022-08-02,50.93,51.6,50.63,51.53,1879700
2022-08-03,51.53,51.66,51.05,51.41,2249500
2022-08-04,51.6,52.5,51.47,52.2,3046800
2022-08-05,52.2,52.87,51.9,52.02,1773100
2022-08-08,52.08,52.38,51.72,52.14,1586800
2022-08-09,52.14,53.05,51.96,52.26,2320800
2022-08-10,52.32,52.57,52.14,52.14,1121400
2022-08-11,52.26,52.63,51.96,52.14,1852800
2022-08-12,51.96,52.44,51.96,52.44,1243100
2022-08-15,52.5,54.02,52.5,53.9,3085000
2022-08-16,53.9,54.2,53.41,53.78,1382800
2022-08-17,53.96,54.02,53.35,53.54,1506200
2022-08-18,53.29,54.38,53.29,53.54,2552900
2022-08-19,53.35,53.66,52.26,52.69,1957600
2022-08-22,52.5,52.93,52.08,52.63,1634000
2022-08-23,52.2,52.75,52.2,52.75,1085700
2022-08-24,53.05,53.24,52.81,52.87,1008000
2022-08-25,52.87,53.18,52.75,52.93,1143900
2022-08-26,52.99,53.85,52.93,53.48,1936600
2022-08-29,53.36,53.36,51.95,53.05,2228000
2022-08-30,53.05,53.36,52.75,52.99,1153200
2022-08-31,52.62,53.36,52.62,53.12,1173700
2022-09-05,53.05,53.18,52.69,52.87,1020900
2022-09-06,52.75,52.99,52.62,52.62,1171600
2022-09-07,52.44,52.69,51.52,51.52,2236400
2022-09-08,51.58,52.13,51.4,51.7,1135600
2022-09-09,51.89,52.13,51.7,51.7,1145400
2022-09-12,52.2,52.26,51.7,51.89,741003
2022-09-13,52.13,52.32,51.7,51.89,1062534
2022-09-14,51.21,51.83,51.21,51.52,1319726
2022-09-15,51.83,51.83,51.34,51.34,787676
2022-09-16,51.34,51.46,50.6,50.6,1367082
2022-09-19,50.6,51.28,50.23,50.97,1791147
2022-09-20,50.97,51.4,50.48,51.15,579770
2022-09-21,51.09,51.09,50.48,50.48,778267
2022-09-22,50.29,50.91,50.23,50.85,1176159
2022-09-23,50.97,50.97,50.36,50.54,843288
2022-09-26,49.99,50.29,49.25,49.99,1869134
2022-09-27,50.29,50.29,49.37,49.37,935561
2022-09-28,49.13,49.31,47.84,47.84,2052319
2022-09-29,48.94,49.13,47.23,47.23,1306874
2022-09-30,47.23,49.56,47.17,49.37,2115328
2022-10-03,48.82,49.25,46.86,47.23,1250717
2022-10-04,47.84,48.45,47.35,47.53,2043505
2022-10-05,48.45,48.76,48.09,48.09,973961
2022-10-06,48.39,48.39,46.92,46.92,1269026
2022-10-07,46.74,46.74,45.39,45.39,2066184
2022-10-10,45.08,46.31,44.22,45.39,1629697
2022-10-11,45.39,45.39,43.55,43.55,1596971
2022-10-12,43.55,44.96,43.55,44.41,1466379
2022-10-13,44.28,44.77,43.85,44.77,830864
2022-10-14,45.63,45.69,45.14,45.39,846734
2022-10-17,45.08,45.33,44.53,45.26,709751
2022-10-18,45.39,46.18,45.39,45.94,880847
2022-10-19,45.94,46.74,45.82,46.31,1025903
2022-10-20,46.49,48.15,46.18,47.72,1733758
2022-10-21,47.66,47.66,45.33,45.33,1569208
2022-10-24,45.33,45.69,43.55,43.61,1429975
2022-10-25,43.79,45.69,43.61,44.9,1567991
2022-10-26,45.69,45.69,44.59,45.26,626989
2022-10-27,45.45,46.74,45.2,46.49,938494
2022-10-28,46.8,46.8,45.82,46.0,878087
2022-10-31,46.0,46.61,45.2,46.37,1087300
2022-11-01,46.8,47.1,46.0,46.31,563319
2022-11-02,46.12,46.61,45.39,45.39,980330
2022-11-03,45.69,46.43,45.2,45.45,624173
2022-11-04,45.39,45.39,43.85,44.71,1649525
2022-11-07,44.53,45.39,44.53,44.53,1574023
2022-11-08,43.85,45.33,43.79,44.96,947845
2022-11-09,44.96,45.57,44.96,45.39,699349
2022-11-10,45.08,45.2,42.38,44.77,1598605
2022-11-11,44.84,45.14,44.16,44.65,1004524
2022-11-14,44.16,44.41,42.93,43.42,1642109
2022-11-15,42.93,42.93,40.42,40.42,3123365
2022-11-16,37.6,42.93,37.6,42.5,3056552
2022-11-17,42.5,44.16,39.56,43.55,1548529
2022-11-18,43.0,44.16,42.44,43.85,1264028
2022-11-21,42.63,44.04,42.63,43.0,842416
2022-11-22,42.93,44.16,42.38,43.24,1178595
2022-11-23,42.93,43.55,42.75,43.24,467451
2022-11-24,42.81,43.55,42.57,43.24,789675
2022-11-25,43.3,44.16,43.24,44.16,1268624
2022-11-28,44.41,45.69,44.34,45.57,1151034
2022-11-29,45.94,45.94,44.77,45.57,1146480
2022-11-30,45.69,45.94,45.08,45.76,914889
2022-12-01,46.06,46.49,45.45,45.82,1779052
2022-12-02,45.82,47.66,45.39,47.47,2906008
2022-12-05,47.84,48.45,47.47,48.02,1221587
2022-12-06,48.02,48.39,46.61,46.61,1541582
2022-12-07,46.55,46.98,45.88,46.92,1031634
2022-12-08,47.17,48.33,46.37,47.23,1269574
2022-12-09,46.8,47.84,46.74,47.84,989370
2022-12-12,47.6,47.96,46.86,47.23,1215379
2022-12-13,46.74,47.41,46.12,47.35,901395
2022-12-14,47.35,47.53,46.68,46.8,1159669
2022-12-15,46.86,47.9,46.86,47.66,1172479
2022-12-16,47.23,47.84,46.86,47.78,912560
2022-12-19,48.02,48.02,46.98,46.98,1028326
2022-12-20,47.35,47.35,46.25,46.98,787843
2022-12-21,47.35,47.47,46.43,47.35,545497
2022-12-22,47.35,47.53,46.61,47.35,659431
2022-12-23,46.86,47.84,46.74,47.84,1222704
2022-12-26,47.66,47.9,46.86,46.86,833640
2022-12-27,46.86,47.53,46.61,46.92,806989
2022-12-28,47.23,47.23,46.61,47.04,590282
2022-12-29,46.92,47.23,46.74,46.74,656647
2022-12-30,46.74,47.17,46.61,47.17,629719
2023-01-03,47.17,49.07,47.1,49.07,1538861
2023-01-04,49.56,49.68,48.64,49.07,796544
2023-01-05,49.19,49.99,49.19,49.44,1014719
2023-01-06,49.31,49.74,49.19,49.25,721096
2023-01-09,49.37,49.62,49.01,49.25,520315
2023-01-10,49.5,49.86,49.19,49.31,754254
2023-01-11,49.31,50.05,49.31,49.62,1078639
2023-01-12,49.68,49.99,49.19,49.5,544065
2023-01-13,49.37,49.8,49.07,49.07,629501
2023-01-16,49.13,49.68,48.88,49.56,576876
2023-01-17,49.8,50.29,49.68,50.29,980634
2023-01-18,50.36,51.15,50.17,51.15,956810
2023-01-19,50.91,51.64,50.85,51.46,1329468
2023-01-27,51.58,52.44,51.52,51.52,1145253
2023-01-30,51.64,51.77,51.34,51.34,893299
2023-01-31,51.21,51.34,50.11,51.21,1531495
2023-02-01,51.52,51.52,50.17,50.29,1051061
2023-02-02,50.36,50.54,49.86,50.23,1327690
2023-02-03,50.29,50.29,49.13,49.13,1730152
2023-02-06,49.07,50.05,48.88,49.37,946115
2023-02-07,49.37,50.23,49.37,49.5,752838
2023-02-08,49.56,50.11,49.44,49.8,671553
2023-02-09,49.68,50.05,49.5,49.5,743939
2023-02-10,49.74,49.8,49.37,49.5,725810
2023-02-13,49.5,49.8,49.07,49.5,614692
2023-02-14,49.5,49.68,49.19,49.56,621417
2023-02-15,49.37,50.23,49.25,50.05,646219
2023-02-16,50.05,50.29,49.5,50.05,425495
2023-02-17,49.8,50.05,49.68,50.05,468845
2023-02-20,50.05,50.91,49.93,50.78,1277504
2023-02-21,50.78,51.34,50.66,50.78,841841
2023-02-22,50.48,50.6,50.17,50.17,748561
2023-02-23,50.11,50.11,49.44,49.93,1161953
2023-02-24,49.74,49.86,49.31,49.56,559986
2023-02-27,49.07,49.37,49.01,49.25,1016698
2023-02-28,49.07,49.5,48.76,49.37,525466
2023-03-01,48.76,49.37,48.27,49.37,1377551
2023-03-02,49.07,49.37,48.94,49.07,431732
2023-03-03,48.64,49.07,48.15,48.15,741791
2023-03-06,47.9,48.94,47.9,47.96,818674
2023-03-07,48.52,49.01,48.33,48.33,793553
2023-03-08,48.15,48.76,48.15,48.76,511968
2023-03-09,48.76,49.5,48.58,49.44,641624
2023-03-10,49.19,49.31,48.45,48.76,641543
2023-03-13,47.9,48.7,47.9,48.39,887883
2023-03-14,48.45,48.52,48.15,48.27,428257
2023-03-15,48.52,49.37,48.52,49.37,693264
2023-03-16,49.07,49.07,48.09,48.58,850831
2023-03-17,48.82,49.07,48.21,48.45,430362
2023-03-20,48.52,48.64,47.6,47.6,771192
2023-03-21,48.21,48.27,47.29,47.9,537316
2023-03-22,47.96,48.21,47.6,48.15,611402
2023-03-23,48.09,48.15,47.6,47.84,357327
2023-03-24,48.02,48.33,47.84,48.21,367884
2023-03-27,48.39,48.58,48.15,48.52,768784
2023-03-28,48.58,48.58,47.53,48.58,1001517
2023-03-29,48.58,48.64,48.21,48.45,405351
2023-03-30,48.45,48.64,48.33,48.52,409438
2023-03-31,48.52,48.76,48.45,48.52,672646
2023-04-03,48.7,49.62,48.52,49.62,1172390
2023-04-04,49.62,49.68,49.07,49.37,585746
2023-04-05,49.37,49.44,48.88,49.44,423371
2023-04-06,49.5,49.99,49.25,49.25,614350
2023-04-07,49.19,49.5,49.07,49.37,360755
2023-04-10,49.68,49.68,49.13,49.25,771039
2023-04-11,49.19,49.37,49.13,49.25,534886
2023-04-12,49.25,49.37,49.01,49.25,575815
2023-04-13,49.25,49.31,48.64,48.82,542069
2023-04-14,49.01,49.13,48.64,48.82,399536
2023-04-17,48.82,48.88,48.45,48.82,450882
2023-04-18,48.82,49.07,48.58,48.7,302472
2023-04-19,48.94,48.94,48.64,48.64,420463
2023-04-20,48.94,48.94,48.58,48.7,365619
2023-04-21,49.07,49.07,48.64,48.64,324840
2023-04-24,48.76,49.44,48.45,48.52,795812
2023-04-25,48.52,48.64,48.02,48.09,541028
2023-04-26,47.9,48.09,47.6,48.02,772857
2023-04-27,47.9,48.33,47.9,48.02,221966
2023-04-28,48.33,48.33,47.53,47.53,946202
2023-05-04,47.72,48.27,47.6,48.15,498526
2023-05-05,48.21,48.21,47.96,48.09,320239
2023-05-08,48.15,48.39,48.09,48.15,364297
2023-05-09,48.21,48.94,48.21,48.39,607003
2023-05-10,48.45,48.82,48.45,48.45,633179
2023-05-11,48.52,48.82,48.45,48.52,477378
2023-05-12,48.64,49.44,48.33,49.37,1085041
2023-05-15,49.93,50.17,49.56,49.68,936340
2023-05-16,49.68,50.11,49.56,49.99,768209
2023-05-17,50.23,50.72,49.74,49.99,977785
2023-05-18,50.17,50.91,49.93,50.85,1552354
2023-05-19,50.91,51.09,50.17,50.78,1075113
2023-05-22,50.78,50.78,50.29,50.6,562355
2023-05-23,50.6,50.6,49.93,50.29,657960
2023-05-24,50.29,50.36,49.74,49.86,465813
2023-05-25,49.8,51.15,49.68,51.03,1343692
2023-05-26,50.97,51.15,50.48,50.97,865789
2023-05-29,51.21,51.34,50.85,50.97,881263
2023-05-30,50.91,52.07,50.85,51.52,1662064
2023-05-31,51.64,51.64,50.97,51.58,840575
2023-06-01,51.52,51.52,50.97,51.21,538944
2023-06-02,51.21,51.7,50.97,51.4,738485
2023-06-05,51.46,52.26,51.4,52.13,1428499
2023-06-06,52.32,52.32,51.95,52.32,516234
2023-06-07,52.13,52.38,51.7,52.13,707049
2023-06-08,51.95,52.07,51.21,51.28,1246481
2023-06-09,51.7,51.95,51.34,51.89,681805
2023-06-12,51.83,52.07,51.28,52.07,521246
2023-06-13,51.77,52.07,51.7,51.77,468477
2023-06-14,51.7,52.01,51.58,51.64,659704
2023-06-15,51.64,51.77,51.28,51.58,800193
2023-06-16,51.58,52.87,51.15,51.83,2234265
2023-06-19,51.95,52.44,51.83,51.95,664779
2023-06-20,52.13,52.62,51.95,52.44,946100
2023-06-21,52.44,52.99,52.38,52.62,707032
2023-06-22,52.81,53.05,51.95,52.44,1021586
2023-06-23,52.5,52.5,52.01,52.2,823244
2023-06-26,52.2,52.62,51.89,52.62,861394
2023-06-27,52.75,53.54,52.75,53.54,1544056
2023-06-28,53.61,53.85,53.36,53.36,967842
2023-06-29,53.36,53.42,53.05,53.05,563802
2023-06-30,53.05,53.12,52.75,52.75,734840
2023-07-03,53.05,53.24,52.75,52.99,1041108
2023-07-04,52.99,53.36,52.87,53.36,1329492
2023-07-05,53.59,54.58,53.37,53.37,1791184
2023-07-06,53.37,53.66,52.8,53.23,1522489
2023-07-07,52.94,53.87,52.94,53.73,899592
2023-07-10,53.73,54.16,53.44,53.73,1156888
2023-07-11,53.73,53.8,53.51,53.51,1093461
2023-07-12,53.51,54.01,53.44,53.73,906936
2023-07-13,54.08,54.08,53.8,54.08,1255041
2023-07-14,54.87,55.87,54.3,55.87,2826852
2023-07-17,56.37,56.51,56.01,56.37,1156882
2023-07-18,56.37,56.37,55.73,56.15,719990
2023-07-19,56.01,56.3,55.87,56.01,710544
2023-07-20,56.08,58.01,56.01,57.3,2297840
2023-07-21,56.87,57.8,56.8,57.8,1275567
2023-07-24,57.8,58.01,57.51,57.8,1175667
2023-07-25,57.8,58.65,57.8,58.01,1060033
2023-07-26,57.94,59.01,57.87,59.01,1273543
2023-07-27,59.08,60.22,59.08,59.72,1421340
2023-07-28,59.58,60.22,59.29,60.22,900725
2023-07-31,60.44,61.22,60.22,61.08,1475315
2023-08-01,61.08,61.58,60.29,60.29,1290289
2023-08-02,60.29,60.51,59.58,59.58,999318
2023-08-03,59.79,60.08,59.15,59.72,910770
2023-08-04,59.94,60.29,59.44,59.44,1620226
2023-08-07,59.65,60.29,59.44,60.29,755463
2023-08-08,59.94,60.36,59.79,60.08,638510
2023-08-09,59.94,60.44,59.22,59.29,985253
2023-08-10,59.29,59.44,58.65,58.65,1345605
2023-08-11,58.51,59.22,58.15,58.51,1146772
2023-08-14,58.58,59.37,58.51,58.94,1016349
2023-08-15,58.94,60.15,58.15,59.94,1677357
2023-08-16,59.37,60.79,59.37,60.72,2613481
2023-08-17,60.65,62.22,60.65,61.36,3708846
2023-08-18,61.08,62.72,60.15,61.01,4252285
2023-08-21,61.29,61.86,61.01,61.29,2461231
2023-08-22,61.58,61.72,59.22,61.72,2337900
2023-08-23,61.65,61.93,60.44,61.72,1422837
2023-08-24,61.72,65.04,61.43,64.97,5269510
2023-08-25,64.61,65.69,64.32,65.4,2802665
2023-08-28,66.41,68.07,65.69,67.86,2969885
2023-08-29,67.86,67.86,66.99,67.57,1556447
2023-08-30,67.28,70.89,67.21,69.74,2376554
2023-08-31,69.74,70.38,69.37,69.81,1409398
2023-09-05,70.1,71.25,69.88,69.88,1448003
2023-09-06,70.1,71.47,69.52,71.47,2503495
2023-09-07,71.47,72.77,70.46,70.67,3257432
2023-09-08,70.38,71.11,70.02,70.46,2122234
2023-09-11,71.25,71.83,68.8,70.31,5159148
2023-09-12,70.31,71.4,70.31,71.4,2687116
2023-09-13,71.4,71.47,70.31,70.75,2895387
2023-09-14,70.75,70.75,68.94,69.23,2324353
2023-09-15,69.3,70.6,68.8,70.38,2140173
2023-09-18,69.95,69.95,69.09,69.95,2030801
2023-09-19,69.88,71.03,69.23,71.03,3588961
2023-09-20,71.32,71.97,71.11,71.11,2449993
2023-09-21,71.11,71.4,69.52,69.88,3422654
2023-09-22,68.65,70.02,66.85,69.81,6867488
2023-09-25,70.02,70.46,68.07,68.07,2102701
2023-09-26,68.0,68.94,67.21,67.5,2159726
2023-09-27,67.79,68.07,65.26,68.07,4516129
2023-09-28,67.93,68.07,65.98,67.86,1768685
2023-09-29,67.86,68.51,66.99,66.99,1637648
2023-10-02,67.43,67.71,66.41,67.28,1139848
2023-10-03,66.56,67.5,66.05,66.56,2010673
2023-10-04,65.91,67.43,65.91,66.78,1593917
2023-10-05,66.99,67.35,66.13,66.13,1370603
2023-10-06,66.05,66.99,65.69,66.92,1149293
2023-10-09,66.7,69.01,66.56,69.01,3660637
2023-10-10,69.66,70.17,68.87,69.52,3259197
2023-10-11,69.23,70.75,69.23,70.02,2361344
2023-10-12,70.02,70.6,69.3,69.59,1884002
2023-10-13,69.3,69.52,68.8,69.37,2364522
2023-10-16,69.88,71.4,69.52,69.88,4979916
2023-10-17,70.6,70.6,67.21,67.21,2422927
2023-10-18,68.51,68.51,65.69,67.14,6149090
2023-10-19,67.86,68.07,66.41,66.41,3033197
2023-10-20,66.78,67.14,65.04,67.06,2867958
2023-10-23,67.71,67.71,65.55,65.69,1975305
2023-10-24,66.7,66.7,65.55,66.41,1615528
2023-10-25,66.27,66.92,65.62,65.62,1840166
2023-10-26,63.74,64.9,62.08,62.66,5919549
2023-10-27,63.17,63.53,62.3,62.8,2039441
2023-10-30,62.8,62.88,61.36,61.36,1873591
2023-10-31,61.43,61.58,59.92,59.92,3095467
2023-11-01,60.86,61.65,59.63,61.65,2178980
2023-11-02,62.37,64.25,62.01,64.25,2207208
2023-11-03,64.25,64.39,62.8,62.8,4845587
2023-11-06,63.67,64.18,63.38,63.89,1212457
2023-11-07,63.89,64.1,63.45,63.74,1343408
2023-11-08,63.67,66.85,63.53,66.85,2947501
2023-11-09,66.41,67.35,66.27,66.78,2114138
2023-11-10,66.05,66.92,65.91,66.05,2409873
2023-11-13,66.13,66.41,65.33,65.98,1534993
2023-11-14,66.41,67.43,65.91,66.85,2000413
2023-11-15,67.64,67.71,66.41,66.7,2420392
2023-11-16,66.56,67.14,66.13,67.14,1908811
2023-11-17,67.43,67.5,65.4,65.69,3572003
2023-11-20,65.04,66.85,64.32,65.48,1659285
2023-11-21,66.41,66.41,65.48,66.34,1462987
2023-11-22,66.34,67.21,66.34,67.14,3274558
2023-11-23,67.35,67.64,65.55,65.55,2168399
2023-11-24,65.55,66.41,65.11,65.84,2251338
2023-11-27,65.98,65.98,65.04,65.48,1661825
2023-11-28,65.55,66.34,64.9,65.76,1092670
2023-11-29,66.13,66.41,65.76,66.2,804163
2023-11-30,65.98,67.64,65.91,66.34,1984701
2023-12-01,66.56,67.06,65.91,66.7,1192386
2023-12-04,66.85,67.86,66.85,67.57,3466947
2023-12-05,67.71,69.16,67.64,68.44,3596254
2023-12-06,68.58,68.87,67.93,68.58,1223469
2023-12-07,68.65,68.8,66.99,68.07,3765052
2023-12-08,68.07,68.65,67.5,68.0,1747729
2023-12-11,68.94,69.09,68.29,68.58,1567612
2023-12-12,68.87,69.88,68.8,69.88,4090519
2023-12-13,70.31,70.31,68.72,68.72,2152046
2023-12-14,69.16,69.59,68.72,69.45,1715423
2023-12-15,69.45,69.52,68.58,69.45,1477484
2023-12-18,69.23,69.45,67.64,67.86,2269177
2023-12-19,67.79,68.29,67.57,68.29,1253010
2023-12-20,68.07,68.58,67.93,68.36,1351472
2023-12-21,68.29,68.65,67.86,68.65,1758872
2023-12-22,68.58,68.65,68.15,68.29,1276887
2023-12-25,68.51,69.45,68.44,69.3,2019931
2023-12-26,69.66,71.18,69.59,70.17,3364283
2023-12-27,70.31,70.6,69.95,69.95,1359748
2023-12-28,70.02,70.02,69.52,69.74,1199164
2023-12-29,69.74,70.02,69.37,69.37,1869204
2024-01-02,69.95,69.95,69.09,69.23,1717109
2024-01-03,69.01,69.66,68.87,69.52,1439581
2024-01-04,69.52,71.03,69.45,70.17,2978466
2024-01-05,70.24,70.38,69.66,70.31,1140908
2024-01-08,70.31,70.96,70.1,70.24,1446808
2024-01-09,70.24,70.24,69.74,69.74,1213774
2024-01-10,69.81,69.95,68.22,68.36,3309732
2024-01-11,68.36,68.87,68.36,68.58,1373914
2024-01-12,68.44,69.01,67.93,68.36,2602405
2024-01-15,68.58,69.23,68.51,68.87,1315058
2024-01-16,68.36,69.09,68.36,69.09,811904
2024-01-17,69.01,69.3,68.58,69.09,1416305
2024-01-18,69.09,69.3,68.72,69.01,1139263
2024-01-19,69.3,69.95,69.09,69.52,1495663
2024-01-22,69.88,69.88,69.16,69.59,1110387
2024-01-23,69.37,69.59,68.87,69.01,1482899
2024-01-24,69.16,69.16,68.51,68.58,1725114
2024-01-25,68.65,69.09,68.44,68.65,847088
2024-01-26,68.94,69.45,68.8,69.23,927816
2024-01-29,69.23,69.37,68.8,69.23,1062382
2024-01-30,69.23,69.23,68.87,69.01,950876
2024-01-31,69.01,69.3,68.94,69.09,1383416
2024-02-01,69.23,72.12,69.09,72.12,7803177
2024-02-02,72.33,73.78,72.26,73.63,2885879
2024-02-05,73.63,75.15,73.56,74.72,2701349
2024-02-06,74.79,75.8,74.28,75.15,1890491
2024-02-07,75.58,75.8,75.0,75.73,2130668
2024-02-15,75.94,76.16,74.93,75.08,2254547
2024-02-16,75.08,75.87,74.93,75.87,2070089
2024-02-19,76.16,77.24,75.8,75.8,2037643
2024-02-20,75.94,75.94,75.08,75.29,1848111
2024-02-21,75.08,77.17,74.72,76.45,3141692
2024-02-22,76.45,76.52,75.51,75.51,1722092
2024-02-23,76.16,77.03,74.57,75.0,4108378
2024-02-26,75.0,77.96,74.72,77.96,4472548
2024-02-27,78.33,79.05,77.53,77.89,2807162
2024-02-28,77.96,78.33,76.74,78.33,3466729
2024-02-29,78.11,78.98,77.75,78.69,2829302
2024-03-01,78.83,80.42,78.76,79.99,4028406
2024-03-04,80.13,80.71,79.99,80.42,3092985
2024-03-05,80.42,80.42,79.34,79.91,3390992
2024-03-06,79.41,79.7,78.25,78.76,3710122
2024-03-07,78.76,82.22,78.11,80.35,4044840
2024-03-08,80.35,81.29,79.05,79.41,3122548
2024-03-11,79.41,81.94,79.41,79.41,3389872
2024-03-12,79.41,81.94,79.41,80.78,2912964
2024-03-13,81.43,84.46,80.85,84.46,5125138
2024-03-14,85.54,85.54,83.52,84.46,3472473
2024-03-15,84.32,84.32,82.66,83.74,3846741
2024-03-18,83.6,83.6,80.2,81.57,5898676
2024-03-19,81.57,81.57,80.2,80.85,3324749
2024-03-20,81.07,83.02,80.2,82.66,3483551
2024-03-21,83.16,83.88,82.73,83.88,3762372
2024-03-22,83.96,83.96,82.66,82.95,2420313
2024-03-25,82.37,83.09,82.15,82.3,2799669
2024-03-26,82.3,83.38,82.01,83.02,1696761
2024-03-27,82.8,83.23,82.37,83.16,1323812
2024-03-28,83.67,84.75,83.23,84.53,2808951
2024-03-29,84.03,84.61,83.74,84.1,1346605
2024-04-01,83.74,84.89,83.16,84.32,1980689
2024-04-02,83.31,84.46,83.31,84.46,2289100
2024-04-03,83.81,84.46,83.09,83.09,2555654
2024-04-04,83.02,83.6,82.3,82.3,2369065
2024-04-05,81.65,82.8,81.29,82.08,2764447
2024-04-08,82.08,82.08,81.29,81.29,1957677
2024-04-09,81.29,81.72,81.21,81.57,1437679
2024-04-10,81.94,83.45,81.79,82.15,1795600
2024-04-11,81.94,83.31,81.79,82.95,1553032
2024-04-12,83.67,83.67,82.51,83.38,1371708
2024-04-15,83.38,83.45,80.49,80.56,3709209
2024-04-16,80.85,81.72,80.49,81.57,3651849
2024-04-17,81.65,81.65,80.56,80.71,1949454
2024-04-19,79.77,80.27,78.69,78.69,5373515
2024-04-22,79.41,80.42,78.61,79.63,2403688
2024-04-23,80.06,81.79,79.34,81.07,4041971
2024-04-24,82.01,86.7,81.72,86.7,10179208
2024-04-25,88.43,92.4,88.0,88.94,5718864
2024-04-26,88.79,90.53,88.22,88.94,3402188
2024-05-02,89.37,93.12,89.15,91.9,3477702
2024-05-03,92.47,92.69,90.67,90.89,3199400
2024-05-06,91.32,92.11,89.88,92.11,2710850
2024-05-07,92.4,95.0,91.83,94.78,3130425
2024-05-08,93.92,94.57,93.34,94.57,3024432
2024-05-09,94.28,95.87,93.85,94.06,2208946
2024-05-10,94.78,95.43,93.27,94.57,3797696
2024-05-13,94.78,94.93,92.98,93.63,1857811
2024-05-14,93.85,95.07,93.56,94.21,2309312
2024-05-15,94.93,97.09,94.78,96.81,3659473
2024-05-16,97.89,99.12,96.88,97.74,3128143
2024-05-17,97.74,98.18,96.52,97.09,2314616
2024-05-20,97.6,98.25,96.01,96.01,2020789
2024-05-21,96.73,98.18,96.37,98.18,3478265
2024-05-22,99.55,100.85,98.25,99.62,4522916
2024-05-23,99.26,99.48,97.46,99.26,3630410
2024-05-24,99.62,99.62,94.28,95.22,13398023
2024-05-27,96.01,96.37,94.28,95.87,5172903
2024-05-28,96.73,98.9,96.08,98.9,4632228
2024-05-29,98.97,99.77,97.31,97.96,5844515
2024-05-30,96.59,97.46,95.22,97.46,7273584
2024-05-31,97.46,98.76,96.59,97.17,2639516
2024-06-03,97.46,99.33,97.24,98.83,7782256
2024-06-04,100.34,100.56,99.48,100.42,7019713
2024-06-05,101.07,104.6,100.85,101.14,6336780
2024-06-06,101.28,102.29,100.2,100.78,5222139
2024-06-07,101.79,102.51,101.43,102.51,3762372
2024-06-10,103.59,104.67,103.23,103.95,3785656
2024-06-11,104.17,105.76,103.3,105.76,6340276
2024-06-12,106.91,110.93,106.83,110.34,11246768
2024-06-13,111.76,111.85,108.67,108.67,8167546
2024-06-14,108.75,110.84,107.83,109.5,6425220
2024-06-17,109.5,109.84,107.42,107.67,4890848
2024-06-18,107.67,108.42,107.0,107.0,6694763
2024-06-19,107.0,111.01,105.83,109.92,9684926
2024-06-20,111.18,113.43,110.17,111.43,10482529
2024-06-21,111.93,113.77,111.43,113.77,7663338
2024-06-24,112.85,113.27,110.34,110.42,13202385
2024-06-25,109.5,109.59,107.5,108.67,13723703
2024-06-26,109.5,110.17,108.17,110.17,7158131
2024-06-27,109.76,112.1,109.34,111.01,6409612
2024-06-28,111.01,111.01,109.0,109.09,6641381
2024-07-01,109.0,109.0,107.42,107.5,6386361
2024-07-02,107.5,110.42,106.58,107.0,6735345
2024-07-03,109.09,111.01,108.75,109.5,7642345
2024-07-04,110.42,113.52,110.42,113.52,8129152
2024-07-05,113.77,116.78,113.77,115.94,7807749
2024-07-08,115.77,116.69,114.94,116.69,5876745
2024-07-09,116.28,116.44,113.68,114.94,9689262
2024-07-10,113.68,114.52,112.01,112.01,6309470
2024-07-11,112.1,113.18,110.76,111.18,6857179
2024-07-12,110.51,113.68,110.51,111.85,3562395
2024-07-15,111.59,112.68,110.59,110.93,3074934
2024-07-16,111.68,112.43,110.59,112.01,4007693
2024-07-17,112.01,112.1,108.59,110.26,6980219
2024-07-18,109.84,109.84,106.83,106.91,10828773
2024-07-19,107.5,108.08,105.33,105.33,6581002
2024-07-22,105.33,105.33,102.98,103.74,6242427
2024-07-23,104.41,106.58,104.32,104.91,5323805
2024-07-24,104.91,105.83,103.65,105.33,4160841
2024-07-25,103.82,104.91,103.74,104.49,2569074
2024-07-26,105.24,107.0,103.99,107.0,3959362
2024-07-29,108.67,109.17,107.83,107.83,4867859
2024-07-30,107.83,108.25,106.16,107.0,2383126
2024-07-31,106.41,107.5,105.83,107.5,2875191
2024-08-01,108.33,108.42,103.74,104.32,6904015
2024-08-02,102.07,104.32,101.15,102.98,9975015
2024-08-05,101.23,102.73,98.14,99.14,10450171
2024-08-06,100.31,101.9,100.14,100.98,6748144
2024-08-07,101.15,101.98,100.48,101.98,2832328
2024-08-08,101.65,102.32,101.06,101.48,2663832
2024-08-09,102.32,106.08,101.98,106.08,5511755
2024-08-12,106.08,108.84,105.49,108.67,6204408
2024-08-13,108.42,108.84,107.0,108.42,4110939
2024-08-14,109.25,109.92,108.25,108.25,2869469
2024-08-15,107.92,108.25,107.16,107.58,2266445
2024-08-16,107.92,109.5,107.92,109.17,5109223
2024-08-19,109.59,109.84,108.67,109.09,2508560
2024-08-20,109.25,110.76,109.25,109.92,3753490
2024-08-21,109.17,111.85,109.17,111.59,6137230
2024-08-22,112.01,112.43,111.59,111.85,3032995
2024-08-23,111.76,111.76,110.68,111.26,3064441
2024-08-26,111.43,111.59,109.92,109.92,2598875
2024-08-27,109.92,110.84,109.0,110.76,2346895
2024-08-28,111.18,112.43,111.09,111.43,2721387
2024-08-29,111.01,111.85,110.51,111.76,2098979
2024-08-30,111.59,112.76,111.18,112.68,3327420
2024-09-04,111.18,111.18,109.92,111.18,4547807
2024-09-05,111.18,111.18,108.42,109.17,8071651
2024-09-06,109.09,111.09,108.92,110.42,3829410
2024-09-09,109.34,110.26,108.75,109.76,2891093
2024-09-10,109.5,109.5,108.33,108.67,4203583
2024-09-11,108.67,109.76,108.5,109.17,3196732
2024-09-12,109.5,110.76,109.5,110.59,4124400
2024-09-13,110.51,111.51,110.34,111.18,3191984
2024-09-16,110.17,111.18,109.59,109.59,1921844
2024-09-17,109.67,111.09,109.67,111.09,2656869
2024-09-18,111.51,113.02,111.09,112.51,5390349
2024-09-19,112.85,113.52,112.26,113.02,5162767
2024-09-20,113.94,114.52,112.85,113.1,3728818
2024-09-23,113.6,113.6,111.51,112.01,2449563
2024-09-24,112.01,112.6,111.76,112.43,2017214
2024-09-25,112.26,112.68,111.68,112.68,4486319
2024-09-26,112.85,112.85,111.93,112.26,2821536
2024-09-27,112.26,112.35,111.59,112.18,3358474
2024-09-30,112.18,112.43,111.18,112.43,3037449
2024-10-01,112.6,113.85,112.6,113.6,4732079
2024-10-02,112.51,113.6,112.51,113.18,1725815
2024-10-03,113.18,113.77,112.01,112.01,2306560
2024-10-04,112.26,112.68,111.59,112.1,1473158
2024-10-07,112.18,112.76,111.68,112.1,1336595
2024-10-08,112.1,112.93,111.68,111.85,2114750
2024-10-09,112.26,113.52,112.26,113.18,2626409
2024-10-10,113.52,118.7,113.52,118.45,9980507
2024-10-11,118.7,119.37,116.69,116.69,3824418
2024-10-14,117.95,118.11,114.6,115.02,5616349
2024-10-15,115.02,115.86,114.19,114.52,2869640
2024-10-16,114.02,114.6,113.68,113.94,2762322
2024-10-17,114.1,114.6,113.27,114.52,2584896
2024-10-18,114.85,115.19,114.19,114.52,2175065
2024-10-21,114.52,115.11,113.27,113.27,2688428
2024-10-22,113.43,113.43,111.18,111.26,6022016
2024-10-23,111.09,112.68,110.84,112.18,3019672
2024-10-24,112.18,112.26,111.85,112.26,2281798
2024-10-25,112.26,112.51,111.68,112.01,1843711
2024-10-28,112.1,112.85,111.68,112.76,1509996
2024-10-29,113.18,113.27,112.68,113.18,2462885
2024-10-30,113.18,113.6,113.02,113.6,1713550
2024-10-31,113.6,113.68,113.1,113.6,1244928
2024-11-01,112.85,112.85,111.68,112.51,2676189
2024-11-04,112.51,112.51,110.93,111.01,3188263
2024-11-05,111.18,112.01,110.59,110.84,1663185
2024-11-06,111.26,112.51,111.18,112.51,1805646
2024-11-07,113.1,115.02,112.18,112.93,3579749
2024-11-08,113.77,114.35,112.93,113.52,2110766
2024-11-11,114.1,116.61,113.68,115.61,5301235
2024-11-12,115.86,116.11,113.6,114.35,2921656
2024-11-13,114.27,115.44,113.77,115.19,3460835
2024-11-14,115.27,116.94,113.68,113.68,4743684
2024-11-15,113.1,113.43,110.84,111.93,6574421
2024-11-18,112.01,112.51,110.76,112.01,3910975
2024-11-19,111.59,111.68,108.59,108.67,7652727
2024-11-20,108.67,110.68,105.91,110.68,8474055
2024-11-21,110.68,111.18,109.5,111.18,3183165
2024-11-22,111.09,112.35,110.76,111.93,2920914
2024-11-25,112.01,112.01,111.34,111.93,1855059
2024-11-26,111.51,113.6,111.43,113.02,4182343
2024-11-27,113.02,116.78,113.02,116.11,9826373
2024-11-28,116.53,117.03,115.61,116.53,4750858
2024-11-29,116.53,121.54,116.19,120.62,11617080
2024-12-02,121.46,122.89,119.19,119.69,6629554
2024-12-03,119.27,122.81,119.27,122.05,5115471
2024-12-04,122.05,123.14,120.2,120.79,5618586
2024-12-05,121.21,125.0,120.87,125.0,4862983
2024-12-06,127.86,127.86,124.57,125.84,4554818
2024-12-09,125.58,125.84,122.98,123.73,4551406
2024-12-10,123.82,125.84,123.73,125.84,3603755
2024-12-11,126.26,127.69,126.01,126.68,4828035
2024-12-12,127.86,127.86,125.58,126.43,4158310
2024-12-13,125.84,127.02,125.75,125.84,3387167
2024-12-16,125.92,126.76,125.84,126.17,3296592
2024-12-17,126.34,126.68,124.32,124.57,5958677
2024-12-18,124.57,126.09,124.57,125.16,2927454
2024-12-19,123.99,125.42,123.9,124.66,4811922
2024-12-20,125.0,126.76,124.83,125.84,3544255
2024-12-23,125.84,126.17,125.16,126.09,2520029
2024-12-24,126.26,126.93,125.75,126.6,2306686
2024-12-25,126.76,127.27,126.6,126.93,2517969
2024-12-26,127.1,127.44,125.5,126.09,2238343
2024-12-27,125.84,126.17,125.16,125.92,2567003
2024-12-30,125.75,126.93,125.0,126.68,1986819
2024-12-31,126.85,129.54,126.51,128.36,3612655
2025-01-02,128.36,128.53,126.34,127.94,3179535
2025-01-03,127.35,127.35,125.42,125.42,4342125
2025-01-06,125.5,126.43,124.91,125.67,3472044
2025-01-07,125.84,127.35,125.84,126.34,3458671
2025-01-08,126.26,126.26,124.66,124.83,3886957
2025-01-09,124.83,125.58,124.57,125.25,1724571
2025-01-10,125.25,125.5,123.9,123.99,2531304
2025-01-13,122.98,125.0,121.8,124.24,3495883
2025-01-14,124.24,124.57,122.13,122.13,2910614
2025-01-15,122.89,123.31,121.88,122.47,2849518
2025-01-16,123.06,123.73,122.22,123.31,3577267
2025-01-17,123.4,126.34,122.89,125.42,3543613
2025-01-20,125.42,126.6,124.74,126.26,2222776
2025-01-21,126.68,127.44,125.42,126.17,2487666
2025-01-22,125.92,126.76,125.58,126.01,2791445
2025-01-23,126.34,131.31,126.26,129.88,7071025
2025-01-24,129.71,130.05,129.12,129.12,3663137
2025-02-03,124.57,125.58,122.3,122.47,12782345
2025-02-04,122.89,123.73,122.3,123.06,5484258
2025-02-05,123.65,124.15,122.72,123.14,5215921
2025-02-06,123.73,123.99,122.55,123.31,3436430
2025-02-07,123.31,123.48,122.72,122.98,3871195
2025-02-10,122.47,122.47,119.52,119.52,7778331
2025-02-11,119.69,122.39,117.93,122.39,5374143
2025-02-12,122.55,122.64,121.46,122.05,1894041
2025-02-13,122.05,122.05,120.11,120.45,2864744
2025-02-14,121.21,122.05,120.87,121.97,3258612
2025-02-17,122.05,122.05,120.7,120.87,2476462
2025-02-18,121.04,121.54,120.45,121.12,1670138
2025-02-19,121.12,121.97,120.45,121.21,3035921
2025-02-20,121.38,121.71,120.37,120.37,3392942
2025-02-21,120.2,120.28,119.1,119.52,5328132
2025-02-24,119.52,119.52,117.42,118.26,7522473
2025-02-25,118.18,118.18,116.33,117.0,6832220
2025-02-26,117.08,119.36,116.92,119.36,3331505
2025-02-27,119.52,119.69,118.43,118.94,3433107
2025-02-28,117.93,118.77,117.0,118.09,4704828
2025-03-03,118.26,119.02,118.09,118.26,2546980
2025-03-04,117.42,118.35,117.25,117.84,3480042
2025-03-05,117.84,117.93,117.08,117.08,2862185
2025-03-06,117.42,120.79,117.42,119.19,6428376
2025-03-07,119.27,120.11,118.77,119.02,2966941
2025-03-10,119.1,119.1,117.17,117.25,5343134
2025-03-11,116.16,116.58,115.32,115.74,5801595
2025-03-12,115.91,116.75,114.39,114.39,6229823
2025-03-13,114.56,116.16,114.56,114.9,3630282
2025-03-14,114.14,114.73,110.1,110.6,16174178
2025-03-17,110.77,111.19,109.09,109.42,6750806
2025-03-18,109.51,111.28,109.42,109.42,5538119
2025-03-19,109.51,109.93,103.95,104.88,18229064
2025-03-20,104.88,106.73,104.79,105.22,8231543
2025-03-21,105.22,108.58,105.22,107.74,6450846
2025-03-24,108.16,108.83,107.15,108.58,5114180
2025-03-25,109.26,109.34,106.48,106.48,5662235
2025-03-26,106.48,106.48,103.28,103.53,9787345
2025-03-27,102.69,106.48,101.93,106.23,6486187
2025-03-28,106.14,106.39,104.37,104.37,2959445
2025-03-31,103.87,103.87,101.85,101.85,5435725
2025-04-01,102.69,102.86,100.0,101.43,7866837
2025-04-02,102.02,102.94,101.68,102.69,3932911
2025-04-03,96.55,98.99,95.54,95.54,11536434
2025-04-04,88.89,95.87,88.89,95.11,21606397
2025-04-08,89.22,90.91,88.47,88.47,16338312
2025-04-09,82.32,90.91,82.32,88.63,16920135
2025-04-10,94.78,94.78,94.78,94.78,1009422
2025-04-11,98.48,99.74,96.21,99.74,19273397
2025-04-14,101.01,101.01,95.96,99.74,9243738
2025-04-15,97.72,98.48,95.7,97.64,7787164
2025-04-16,96.38,97.56,90.82,90.82,18073930
2025-04-17,88.38,93.68,88.3,92.08,8598000
2025-04-18,93.01,96.8,93.01,93.94,7503525
2025-04-21,94.27,94.69,92.59,94.02,4346403
2025-04-22,93.43,93.6,87.54,92.93,9157581
2025-04-23,94.02,94.02,90.65,92.93,5722250
2025-04-24,93.85,95.7,93.09,94.27,7752762
2025-04-25,94.27,94.61,92.76,94.61,5395660
2025-04-28,94.27,94.61,91.92,92.17,3871885
2025-04-29,92.25,93.01,91.83,92.08,2963086
2025-05-05,92.17,92.34,89.98,91.41,7187087
2025-05-06,91.41,93.43,91.41,92.34,5700105
2025-05-07,92.25,93.6,91.66,92.34,3939067
2025-05-08,92.93,96.46,91.75,96.21,12669001
2025-05-09,96.21,97.98,95.54,97.64,8515499
2025-05-12,98.48,99.91,98.23,99.58,8737998
2025-05-13,101.01,101.26,99.83,100.59,8585153
2025-05-14,101.01,106.31,101.01,106.31,12115033
2025-05-15,106.48,106.81,104.04,105.22,7832064
2025-05-16,104.79,104.96,101.76,101.85,8039229
2025-05-19,100.0,101.43,98.14,99.49,9942512
2025-05-20,98.31,100.42,98.31,100.33,7929467
2025-05-21,101.01,101.01,98.48,99.58,6040245
2025-05-22,98.57,98.99,97.3,98.31,6376715
2025-05-23,98.23,99.15,97.64,98.57,4456672
2025-05-26,98.23,99.15,96.8,98.73,4039601
2025-05-27,98.82,100.5,98.82,100.16,5512819
2025-05-28,100.33,100.5,98.9,99.66,3948303
2025-05-29,100.16,100.16,98.57,98.57,2945136
2025-05-30,99.32,99.49,98.06,98.06,4051804
2025-06-02,98.06,98.57,97.3,97.72,2932470
2025-06-03,98.23,99.32,97.89,98.82,3410333
2025-06-04,99.32,99.49,98.06,98.57,2883362
2025-06-05,98.57,98.73,98.06,98.31,2311499
2025-06-06,98.31,98.31,96.8,96.8,5400395
2025-06-09,97.22,98.4,96.8,97.81,3064841
2025-06-10,98.48,98.82,97.39,97.39,3372461
2025-06-11,97.72,99.49,97.72,99.24,5756496
2025-06-12,99.84,99.92,98.9,99.33,4162497
2025-06-13,98.48,98.9,97.54,97.97,6182491
2025-06-16,97.71,101.7,97.63,101.02,8087673
2025-06-17,101.02,101.28,100.34,100.85,4613155
2025-06-18,100.85,101.45,98.82,99.33,6571082
2025-06-19,99.33,99.41,98.22,98.48,5416264
2025-06-20,98.56,99.24,98.31,98.56,4347313
2025-06-23,98.05,98.73,97.2,98.39,4602132
2025-06-24,98.73,99.33,98.73,98.9,4281302
2025-06-25,99.33,101.36,99.33,99.41,6014965
2025-06-26,100.17,100.43,98.99,99.33,4141284
2025-06-27,99.33,100.43,99.24,99.58,5273001
2025-06-30,100.09,101.45,99.84,100.34,6879228
2025-07-01,101.02,101.45,100.34,100.85,4621512
2025-07-02,100.6,100.77,99.84,100.68,3672455
2025-07-03,100.6,101.7,100.0,100.17,6321182
2025-07-04,100.6,104.76,100.51,103.99,12854266
2025-07-07,104.67,105.86,104.42,105.1,6403004
2025-07-08,105.35,106.71,105.27,105.69,8085628
2025-07-09,105.95,106.03,103.83,104.25,12226586
2025-07-10,105.1,106.37,104.84,105.18,5193049
2025-07-11,106.12,108.66,105.78,107.48,10762062
2025-07-14,107.98,108.58,106.12,107.9,6000215
2025-07-15,107.48,108.49,106.97,106.97,5621345
2025-07-16,107.56,107.82,106.2,107.22,5077050
2025-07-17,107.56,109.6,106.97,107.82,8355437
2025-07-18,108.66,108.66,106.97,106.97,6512306
2025-07-21,109.73,109.73,107.68,107.68,7612979
2025-07-22,107.68,109.53,106.12,109.44,6912737
2025-07-23,109.63,110.12,108.66,109.14,4825624
2025-07-24,109.34,109.44,108.17,108.46,6455334
2025-07-25,108.46,108.85,107.87,108.07,5163242
2025-07-28,108.17,108.95,107.87,108.66,7635424
2025-07-29,108.66,108.95,103.48,103.48,16133144
2025-07-30,104.46,105.43,102.8,103.58,7517104
2025-07-31,103.58,104.36,101.33,101.53,8989001
2025-08-01,101.24,104.85,99.09,104.46,10935794
2025-08-04,103.97,104.07,102.31,104.07,4637013
2025-08-05,104.46,106.12,102.51,103.29,11433392
2025-08-06,103.48,103.68,102.02,102.41,11864447
2025-08-07,103.09,104.85,102.41,103.68,9589089
2025-08-08,103.97,104.85,102.31,103.09,9207301
2025-08-11,103.38,106.9,102.8,103.87,10309903
2025-08-12,104.85,105.63,104.07,104.95,11035855
2025-08-13,105.04,105.24,102.41,102.6,21892517
2025-08-14,103.29,103.29,101.24,101.33,17948903
2025-08-15,101.33,102.31,98.89,98.99,18697086
2025-08-18,98.99,100.55,97.62,98.11,11450410
2025-08-19,98.21,99.09,97.62,97.92,9198729
2025-08-20,97.72,97.92,95.18,95.38,20040979
2025-08-21,95.38,100.46,95.38,99.28,12663739
2025-08-22,99.19,99.19,96.45,96.65,7246765
2025-08-25,99.58,99.58,96.45,96.45,6761832
2025-08-26,96.45,97.62,95.57,97.62,5833293
2025-08-27,98.99,102.6,98.8,102.51,19471753
2025-08-28,102.6,102.6,100.36,102.02,6299351
2025-08-29,102.51,102.51,99.19,99.19,11117268
2025-09-03,99.58,100.85,97.62,100.75,9772872
2025-09-04,100.85,102.99,100.75,102.51,11059038
2025-09-05,102.7,102.99,100.94,100.94,8835511
2025-09-08,100.55,101.43,99.48,99.48,10622551
2025-09-09,99.58,100.55,98.6,99.67,6478341
2025-09-10,99.67,100.46,98.7,98.8,5512255
2025-09-11,98.8,100.46,98.11,99.58,7433193
2025-09-12,99.58,100.46,98.7,99.19,7498375
2025-09-15,99.48,101.04,99.09,99.48,14167008
2025-09-16,100.26,102.31,99.58,101.04,17583475
2025-09-17,101.53,105.24,101.53,102.99,20083197
2025-09-18,103.48,103.77,100.55,100.55,8227572
2025-09-19,101.33,101.33,98.11,100.55,23557247
2025-09-22,100.06,100.26,97.23,97.33,16326968
2025-09-23,97.62,97.62,95.18,95.67,18365378
2025-09-24,95.77,97.14,95.09,97.14,7459032
2025-09-25,97.14,97.14,95.57,95.67,8659161
2025-09-26,95.87,96.94,95.09,95.18,8115898
2025-09-29,95.48,95.48,93.23,93.23,10488698
2025-09-30,93.23,93.52,90.6,90.79,12086512
2025-10-01,90.99,92.25,89.23,91.18,7440061
2025-10-02,90.69,91.18,89.81,89.91,7990319
2025-10-03,90.01,91.77,89.91,91.18,7702876
2025-10-06,92.06,93.62,91.28,93.23,6617245
2025-10-07,93.72,94.01,92.94,93.23,6023461
2025-10-08,93.23,94.6,92.25,92.25,5157890
2025-10-09,92.74,92.74,91.28,91.96,5741465
2025-10-10,91.96,94.21,91.57,93.82,8616495
2025-10-13,92.65,92.65,91.47,91.77,7953799
2025-10-14,91.86,92.25,90.2,90.2,12713796
2025-10-15,90.4,90.89,87.37,87.47,18824893
2025-10-16,87.67,89.33,87.47,87.67,7973952
2025-10-17,87.96,89.33,86.01,86.01,8423276
2025-10-20,86.2,89.62,84.93,84.93,14633215
2025-10-21,86.89,90.79,86.4,90.79,19571735
2025-10-22,92.94,96.65,92.74,94.7,18365820
2025-10-23,94.89,94.99,91.77,92.74,6673501
2025-10-24,92.74,95.38,92.45,95.38,13797916
2025-10-27,96.65,97.33,94.01,95.67,12946379
2025-10-28,96.26,99.77,96.26,99.77,20966367
2025-10-29,99.97,100.75,98.7,99.28,9344715
2025-10-30,99.67,101.04,99.19,100.26,9758541
2025-10-31,100.16,101.43,98.6,101.43,14854263
2025-11-03,101.33,103.77,101.04,102.51,21030571
2025-11-04,101.63,102.21,99.28,100.85,10662165
2025-11-05,99.38,99.58,97.23,98.5,11784047
2025-11-06,98.5,99.58,97.04,97.82,6781958
2025-11-07,97.14,99.38,97.14,98.6,5881390
2025-11-10,98.8,98.8,93.91,93.91,10115824
2025-11-11,94.5,95.57,93.82,93.82,6649987
2025-11-12,94.21,98.21,94.21,98.21,6649911
2025-11-13,98.21,98.31,96.35,96.55,4774081
2025-11-14,96.55,98.5,95.87,97.62,4713954
2025-11-17,98.21,99.38,98.21,98.6,5607991
2025-11-18,98.6,98.7,96.45,97.62,6522460
2025-11-19,97.14,97.14,95.67,95.67,5191305
2025-11-20,96.26,97.33,95.77,96.65,4608598
2025-11-21,95.67,98.8,95.48,98.4,7956420
2025-11-24,98.31,98.7,97.23,97.82,5079550
2025-11-25,97.33,97.92,96.65,97.33,4510630
2025-11-26,97.43,97.82,96.55,96.65,5843562
2025-11-27,96.84,97.43,95.77,97.14,4796150
2025-11-28,96.75,97.04,94.79,94.79,6239769
2025-12-01,95.58,96.37,94.79,95.29,3145177
2025-12-02,95.48,95.98,94.1,95.29,5590644
2025-12-03,95.68,95.68,94.69,95.29,6491714
2025-12-04,95.29,97.16,95.29,96.17,7409987
2025-12-05,96.17,96.17,94.79,94.89,5090389
2025-12-08,95.29,95.98,94.2,94.2,5307100
2025-12-09,94.2,95.68,93.12,95.58,9995279
2025-12-10,95.78,95.78,94.3,94.3,3909618
2025-12-11,94.6,95.29,94.3,94.69,5211998
2025-12-12,94.69,94.69,92.23,92.43,5546553
2025-12-15,92.62,93.12,92.23,92.52,3544964
2025-12-16,92.62,94.1,90.75,93.61,6319127
2025-12-17,93.12,94.99,93.12,94.6,4987508
2025-12-18,94.2,94.3,92.62,93.12,4132572
2025-12-19,92.72,93.71,92.33,92.62,4506285
2025-12-22,92.82,93.02,92.23,92.43,6169771
2025-12-23,92.72,94.6,92.33,92.72,6027267
2025-12-24,92.82,92.92,91.83,92.33,3914048
2025-12-25,92.33,93.51,91.74,91.74,4583931
2025-12-26,91.44,91.74,89.76,91.24,6644428
2025-12-29,91.24,93.61,91.24,93.02,6316449
2025-12-30,93.21,95.29,93.02,95.19,7290492
2025-12-31,95.48,95.68,93.91,94.5,3098712
2026-01-05,94.4,94.4,91.93,93.71,7052389
2026-01-06,93.41,93.51,92.33,92.72,5412460
2026-01-07,92.82,96.27,92.72,96.17,11454407
2026-01-08,96.77,96.77,95.19,95.19,5596578
2026-01-09,94.79,98.54,94.69,96.08,10078520
2026-01-12,96.67,98.15,96.67,98.15,9107218
2026-01-13,98.34,100.32,96.57,97.55,9442492
2026-01-14,97.65,99.73,96.47,98.44,11927501
2026-01-15,98.44,100.32,97.06,97.16,7428671
2026-01-16,98.15,103.87,98.15,103.87,23987996
2026-01-19,107.22,107.22,104.07,104.36,14761552
2026-01-20,104.66,105.54,102.59,102.68,12255311
2026-01-21,101.8,105.05,99.73,103.57,14561573
2026-01-22,104.07,104.36,102.09,102.09,8120094
2026-01-23,102.19,103.18,99.63,99.63,9446869
2026-01-26,98.84,100.22,96.67,97.16,11219398
2026-01-27,98.25,101.11,97.75,100.71,10605437
2026-01-28,101.01,104.36,100.91,103.08,11978840
2026-01-29,103.57,105.74,102.29,104.66,14286613
2026-01-30,104.95,104.95,102.49,103.08,10861254
2026-02-02,101.9,102.88,100.22,102.88,9362784
2026-02-03,103.47,103.97,101.5,102.49,9116438
2026-02-04,101.7,102.09,100.12,100.51,11665250
2026-02-05,99.82,100.51,97.65,97.65,18118564
2026-02-06,96.67,98.64,95.38,96.27,9796115
2026-02-09,97.46,98.05,96.57,97.65,5123453
2026-02-10,98.54,98.54,95.98,96.47,6143120
2026-02-11,96.86,98.15,96.08,97.26,5525584
2026-02-12,97.65,97.85,97.06,97.46,4137993
2026-02-13,96.77,97.16,94.99,94.99,18546292
2026-02-23,95.48,95.48,91.83,93.21,22701438
2026-02-24,92.72,92.72,91.24,91.24,28627330
2026-02-25,90.95,91.24,87.79,87.89,47840750
2026-02-26,88.78,90.95,88.68,89.27,17593368
2026-02-27,89.76,92.23,89.07,91.64,18758235
2026-03-02,88.87,90.26,88.09,88.38,17330484
2026-03-03,88.87,89.66,85.82,85.82,16602632
2026-03-04,85.72,85.82,83.05,83.94,23868575
2026-03-05,85.32,85.62,83.25,83.25,15982927
2026-03-06,83.25,83.45,80.39,80.49,23821524
2026-03-09,74.97,75.66,74.87,74.87,17766972
2026-03-10,75.36,78.52,75.36,78.42,21164561
2026-03-11,78.91,79.9,77.24,79.11,10701103
2026-03-12,77.73,78.12,76.45,76.64,12780458
2026-03-13,76.05,77.43,75.26,75.95,9078212
2026-03-16,76.05,78.22,76.05,77.14,8696615
2026-03-17,78.32,80.19,78.02,78.32,9265415
2026-03-18,78.91,79.11,77.04,77.53,6387339
2026-03-19,76.64,76.74,75.56,75.76,11647254
2026-03-20,75.46,75.46,72.6,73.59,21498776
2026-03-23,72.7,75.07,70.63,72.11,13214004
2026-03-24,74.47,74.87,73.09,74.37,5216113
2026-03-25,75.16,75.95,74.57,75.95,7459339
2026-03-26,75.95,75.95,73.19,73.19,9779895
2026-03-27,73.49,75.26,72.99,75.07,9105756
2026-03-30,73.39,74.18,72.5,72.99,7850443
2026-03-31,73.88,74.47,73.39,73.68,5661662
2026-04-01,74.87,75.26,73.98,74.28,8562763
2026-04-02,74.18,74.18,73.19,73.68,5253234
2026-04-03,73.68,74.47,72.89,72.99,6367168
2026-04-06,72.99,73.49,72.5,72.89,4621686
2026-04-07,73.49,73.49,72.8,72.99,4738228
2026-04-08,74.97,78.02,74.08,78.02,14672698
2026-04-09,78.02,78.12,77.04,77.24,6305834
2026-04-10,77.53,77.93,76.25,76.64,6135566
2026-04-13,75.85,75.95,74.87,74.97,9589620
2026-04-14,75.95,76.15,74.97,75.16,7119383
2026-04-15,75.85,75.95,73.98,74.08,10094653
2026-04-16,74.57,74.57,72.99,73.09,11361615
2026-04-17,73.98,76.94,73.88,74.97,12391576
2026-04-20,75.26,75.95,75.07,75.85,6906174
2026-04-21,75.95,76.35,74.08,74.08,7170992
2026-04-22,74.47,74.47,73.09,73.59,8183660
2026-04-23,73.98,74.97,73.09,73.29,8007390
2026-04-24,72.99,73.09,72.2,72.4,10525022
2026-04-28,72.4,73.39,71.91,73.39,9542103
2026-04-29,72.4,74.47,72.4,74.47,9185869
2026-05-04,73.88,74.08,72.6,72.7,8328235
2026-05-05,72.7,73.49,71.81,73.29,6864166
2026-05-06,73.19,73.19,72.01,72.3,9488402
2026-05-07,72.89,73.29,72.01,72.01,10219324
2026-05-08,72.2,72.3,70.92,70.92,13514337
2026-05-11,70.72,70.72,69.05,69.05,17004224
2026-05-12,69.15,70.53,69.05,69.64,8577521
2026-05-13,69.64,70.53,69.05,69.74,11580539
2026-05-14,70.13,74.28,70.03,72.89,21629725
2026-05-15,73.19,73.19,71.71,71.91,6422714
2026-05-18,71.91,74.28,71.02,73.88,18371934
2026-05-19,73.98,74.77,73.29,73.49,11329616
2026-05-20,73.78,77.43,71.81,76.64,26047157
2026-05-21,76.64,76.84,74.67,75.46,11846629
2026-05-22,75.76,76.54,74.08,74.08,11705347
2026-05-25,73.59,74.57,72.5,72.5,10480758
2026-05-26,72.6,73.59,72.6,73.49,5124782
2026-05-27,73.49,74.28,72.11,72.6,9205891
2026-05-28,72.8,73.1,71.2,71.2,10693258
2026-05-29,71.2,72.5,70.8,71.6,5471427
2026-06-01,72.2,73.4,72.1,72.9,5994107
2026-06-02,73.0,75.6,73.0,74.8,17419530
2026-06-03,75.1,77.7,75.0,76.5,25354808
2026-06-04,76.7,77.2,75.8,76.1,11331159
2026-06-05,76.0,76.0,74.3,75.0,11249802
2026-06-08,73.7,74.5,72.8,72.9,10952915
2026-06-09,73.4,74.2,72.6,73.7,7772300
